level,grade,subject
Pre - Primary / Pre - School,Pre Nursery / Play Group / KG I,English
Pre - Primary / Pre - School,Pre Nursery / Play Group / KG I,Urdu
Pre - Primary / Pre - School,Pre Nursery / Play Group / KG I,Mathematics
Pre - Primary / Pre - School,Pre Nursery / Play Group / KG I,Phonics
Pre - Primary / Pre - School,Pre Nursery / Play Group / KG I,Pre-Reading
Pre - Primary / Pre - School,Pre Nursery / Play Group / KG I,Pre-Writing
Pre - Primary / Pre - School,Pre Nursery / Play Group / KG I,Vocabulary
Pre - Primary / Pre - School,Pre Nursery / Play Group / KG I,Communication Skills
Pre - Primary / Pre - School,Pre Nursery / Play Group / KG I,General Knowledge
Pre - Primary / Pre - School,Pre Nursery / Play Group / KG I,World Around Us
Pre - Primary / Pre - School,Pre Nursery / Play Group / KG I,Science
Pre - Primary / Pre - School,Pre Nursery / Play Group / KG I,Environmental Awareness
Pre - Primary / Pre - School,Pre Nursery / Play Group / KG I,Islamic Studies / Islamiat
Pre - Primary / Pre - School,Pre Nursery / Play Group / KG I,Nazra Quran
Pre - Primary / Pre - School,Pre Nursery / Play Group / KG I,Quran Studies
Pre - Primary / Pre - School,Pre Nursery / Play Group / KG I,Mother Tongue / Regional Language
Pre - Primary / Pre - School,Pre Nursery / Play Group / KG I,Health & Hygiene
Pre - Primary / Pre - School,Pre Nursery / Play Group / KG I,Safety Education
Pre - Primary / Pre - School,Pre Nursery / Play Group / KG I,Social & Emotional Development
Pre - Primary / Pre - School,Pre Nursery / Play Group / KG I,Moral & Character Education
Pre - Primary / Pre - School,Pre Nursery / Play Group / KG I,Computer Skills
Pre - Primary / Pre - School,Pre Nursery / Play Group / KG I,Digital Literacy
Pre - Primary / Pre - School,Pre Nursery / Play Group / KG I,STEM
Pre - Primary / Pre - School,Pre Nursery / Play Group / KG I,Coding
Pre - Primary / Pre - School,Pre Nursery / Play Group / KG I,Robotics
Pre - Primary / Pre - School,Pre Nursery / Play Group / KG I,Art & Drawing
Pre - Primary / Pre - School,Pre Nursery / Play Group / KG I,Creative Arts
Pre - Primary / Pre - School,Pre Nursery / Play Group / KG I,Craft
Pre - Primary / Pre - School,Pre Nursery / Play Group / KG I,Music
Pre - Primary / Pre - School,Pre Nursery / Play Group / KG I,Rhymes & Action Songs
Pre - Primary / Pre - School,Pre Nursery / Play Group / KG I,Drama & Role Play
Pre - Primary / Pre - School,Pre Nursery / Play Group / KG I,Physical Education
Pre - Primary / Pre - School,Pre Nursery / Play Group / KG I,Gross Motor Skills
Pre - Primary / Pre - School,Pre Nursery / Play Group / KG I,Fine Motor Skills
Pre - Primary / Pre - School,Pre Nursery / Play Group / KG I,Practical Life Skills
Pre - Primary / Pre - School,Pre Nursery / Play Group / KG I,Life Skills
Pre - Primary / Pre - School,Pre Nursery / Play Group / KG I,Montessori Activities
Pre - Primary / Pre - School,Pre Nursery / Play Group / KG I,Sensory Learning
Pre - Primary / Pre - School,Pre Nursery / Play Group / KG I,Play-Based Learning
Pre - Primary / Pre - School,Pre Nursery / Play Group / KG I,Gardening
Pre - Primary / Pre - School,Pre Nursery / Play Group / KG I,Nature Study
Pre - Primary / Pre - School,Pre Nursery / Play Group / KG I,Social Skills
Pre - Primary / Pre - School,Pre Nursery / Play Group / KG I,Independence Skills
Pre - Primary / Pre - School,Pre Nursery / Play Group / KG I,School Readiness
Pre - Primary / Pre - School,Pre Nursery / Play Group / KG I,Handwriting Readiness
Pre - Primary / Pre - School,Pre Nursery / Play Group / KG I,Creative Writing
Pre - Primary / Pre - School,Pre Nursery / Play Group / KG I,Public Speaking
Pre - Primary / Pre - School,Pre Nursery / Play Group / KG I,Confidence Building
Pre - Primary / Pre - School,Nursery / KG - II,English
Pre - Primary / Pre - School,Nursery / KG - II,Urdu
Pre - Primary / Pre - School,Nursery / KG - II,Mathematics
Pre - Primary / Pre - School,Nursery / KG - II,Phonics
Pre - Primary / Pre - School,Nursery / KG - II,Pre-Reading
Pre - Primary / Pre - School,Nursery / KG - II,Pre-Writing
Pre - Primary / Pre - School,Nursery / KG - II,Vocabulary
Pre - Primary / Pre - School,Nursery / KG - II,Communication Skills
Pre - Primary / Pre - School,Nursery / KG - II,General Knowledge
Pre - Primary / Pre - School,Nursery / KG - II,World Around Us
Pre - Primary / Pre - School,Nursery / KG - II,Science
Pre - Primary / Pre - School,Nursery / KG - II,Environmental Awareness
Pre - Primary / Pre - School,Nursery / KG - II,Islamic Studies / Islamiat
Pre - Primary / Pre - School,Nursery / KG - II,Nazra Quran
Pre - Primary / Pre - School,Nursery / KG - II,Quran Studies
Pre - Primary / Pre - School,Nursery / KG - II,Mother Tongue / Regional Language
Pre - Primary / Pre - School,Nursery / KG - II,Health & Hygiene
Pre - Primary / Pre - School,Nursery / KG - II,Safety Education
Pre - Primary / Pre - School,Nursery / KG - II,Social & Emotional Development
Pre - Primary / Pre - School,Nursery / KG - II,Moral & Character Education
Pre - Primary / Pre - School,Nursery / KG - II,Computer Skills
Pre - Primary / Pre - School,Nursery / KG - II,Digital Literacy
Pre - Primary / Pre - School,Nursery / KG - II,STEM
Pre - Primary / Pre - School,Nursery / KG - II,Coding
Pre - Primary / Pre - School,Nursery / KG - II,Robotics
Pre - Primary / Pre - School,Nursery / KG - II,Art & Drawing
Pre - Primary / Pre - School,Nursery / KG - II,Creative Arts
Pre - Primary / Pre - School,Nursery / KG - II,Craft
Pre - Primary / Pre - School,Nursery / KG - II,Music
Pre - Primary / Pre - School,Nursery / KG - II,Rhymes & Action Songs
Pre - Primary / Pre - School,Nursery / KG - II,Drama & Role Play
Pre - Primary / Pre - School,Nursery / KG - II,Physical Education
Pre - Primary / Pre - School,Nursery / KG - II,Gross Motor Skills
Pre - Primary / Pre - School,Nursery / KG - II,Fine Motor Skills
Pre - Primary / Pre - School,Nursery / KG - II,Practical Life Skills
Pre - Primary / Pre - School,Nursery / KG - II,Life Skills
Pre - Primary / Pre - School,Nursery / KG - II,Montessori Activities
Pre - Primary / Pre - School,Nursery / KG - II,Sensory Learning
Pre - Primary / Pre - School,Nursery / KG - II,Play-Based Learning
Pre - Primary / Pre - School,Nursery / KG - II,Gardening
Pre - Primary / Pre - School,Nursery / KG - II,Nature Study
Pre - Primary / Pre - School,Nursery / KG - II,Social Skills
Pre - Primary / Pre - School,Nursery / KG - II,Independence Skills
Pre - Primary / Pre - School,Nursery / KG - II,School Readiness
Pre - Primary / Pre - School,Nursery / KG - II,Handwriting Readiness
Pre - Primary / Pre - School,Nursery / KG - II,Creative Writing
Pre - Primary / Pre - School,Nursery / KG - II,Public Speaking
Pre - Primary / Pre - School,Nursery / KG - II,Confidence Building
Pre - Primary / Pre - School,Prep / KG- III,English
Pre - Primary / Pre - School,Prep / KG- III,Urdu
Pre - Primary / Pre - School,Prep / KG- III,Mathematics
Pre - Primary / Pre - School,Prep / KG- III,Phonics
Pre - Primary / Pre - School,Prep / KG- III,Pre-Reading
Pre - Primary / Pre - School,Prep / KG- III,Pre-Writing
Pre - Primary / Pre - School,Prep / KG- III,Vocabulary
Pre - Primary / Pre - School,Prep / KG- III,Communication Skills
Pre - Primary / Pre - School,Prep / KG- III,General Knowledge
Pre - Primary / Pre - School,Prep / KG- III,World Around Us
Pre - Primary / Pre - School,Prep / KG- III,Science
Pre - Primary / Pre - School,Prep / KG- III,Environmental Awareness
Pre - Primary / Pre - School,Prep / KG- III,Islamic Studies / Islamiat
Pre - Primary / Pre - School,Prep / KG- III,Nazra Quran
Pre - Primary / Pre - School,Prep / KG- III,Quran Studies
Pre - Primary / Pre - School,Prep / KG- III,Mother Tongue / Regional Language
Pre - Primary / Pre - School,Prep / KG- III,Health & Hygiene
Pre - Primary / Pre - School,Prep / KG- III,Safety Education
Pre - Primary / Pre - School,Prep / KG- III,Social & Emotional Development
Pre - Primary / Pre - School,Prep / KG- III,Moral & Character Education
Pre - Primary / Pre - School,Prep / KG- III,Computer Skills
Pre - Primary / Pre - School,Prep / KG- III,Digital Literacy
Pre - Primary / Pre - School,Prep / KG- III,STEM
Pre - Primary / Pre - School,Prep / KG- III,Coding
Pre - Primary / Pre - School,Prep / KG- III,Robotics
Pre - Primary / Pre - School,Prep / KG- III,Art & Drawing
Pre - Primary / Pre - School,Prep / KG- III,Creative Arts
Pre - Primary / Pre - School,Prep / KG- III,Craft
Pre - Primary / Pre - School,Prep / KG- III,Music
Pre - Primary / Pre - School,Prep / KG- III,Rhymes & Action Songs
Pre - Primary / Pre - School,Prep / KG- III,Drama & Role Play
Pre - Primary / Pre - School,Prep / KG- III,Physical Education
Pre - Primary / Pre - School,Prep / KG- III,Gross Motor Skills
Pre - Primary / Pre - School,Prep / KG- III,Fine Motor Skills
Pre - Primary / Pre - School,Prep / KG- III,Practical Life Skills
Pre - Primary / Pre - School,Prep / KG- III,Life Skills
Pre - Primary / Pre - School,Prep / KG- III,Montessori Activities
Pre - Primary / Pre - School,Prep / KG- III,Sensory Learning
Pre - Primary / Pre - School,Prep / KG- III,Play-Based Learning
Pre - Primary / Pre - School,Prep / KG- III,Gardening
Pre - Primary / Pre - School,Prep / KG- III,Nature Study
Pre - Primary / Pre - School,Prep / KG- III,Social Skills
Pre - Primary / Pre - School,Prep / KG- III,Independence Skills
Pre - Primary / Pre - School,Prep / KG- III,School Readiness
Pre - Primary / Pre - School,Prep / KG- III,Handwriting Readiness
Pre - Primary / Pre - School,Prep / KG- III,Creative Writing
Pre - Primary / Pre - School,Prep / KG- III,Public Speaking
Pre - Primary / Pre - School,Prep / KG- III,Confidence Building
Primary,Grade 1,English
Primary,Grade 1,Urdu
Primary,Grade 1,Mathematics
Primary,Grade 1,General Science
Primary,Grade 1,General Knowledge
Primary,Grade 1,Social Studies
Primary,Grade 1,Islamiat / Islamic Studies
Primary,Grade 1,Quran Studies
Primary,Grade 1,Nazra Quran
Primary,Grade 1,Quran Translation
Primary,Grade 1,Ethics / Religious Education
Primary,Grade 1,Arabic
Primary,Grade 1,Punjabi
Primary,Grade 1,Sindhi
Primary,Grade 1,Pashto
Primary,Grade 1,Balochi
Primary,Grade 1,Brahui
Primary,Grade 1,Computer Science
Primary,Grade 1,Information Technology / ICT
Primary,Grade 1,Digital Literacy
Primary,Grade 1,Coding
Primary,Grade 1,Programming
Primary,Grade 1,STEM
Primary,Grade 1,Robotics
Primary,Grade 1,Artificial Intelligence
Primary,Grade 1,Environmental Studies
Primary,Grade 1,Art & Drawing
Primary,Grade 1,Fine Arts
Primary,Grade 1,Craft
Primary,Grade 1,Music
Primary,Grade 1,Drama & Performing Arts
Primary,Grade 1,Physical Education
Primary,Grade 1,Health Education
Primary,Grade 1,Sports
Primary,Grade 1,Life Skills
Primary,Grade 1,Character & Moral Education
Primary,Grade 1,Personal Development
Primary,Grade 1,Handwriting
Primary,Grade 1,Reading
Primary,Grade 1,Phonics
Primary,Grade 1,English Grammar
Primary,Grade 1,Creative Writing
Primary,Grade 1,Spelling
Primary,Grade 1,Vocabulary
Primary,Grade 1,Communication Skills
Primary,Grade 1,Public Speaking
Primary,Grade 1,Study Skills
Primary,Grade 1,Financial Literacy
Primary,Grade 1,Entrepreneurship
Primary,Grade 1,Practical Skills
Primary,Grade 1,Agriculture
Primary,Grade 1,Gardening
Primary,Grade 1,Home Economics
Primary,Grade 1,Science Projects
Primary,Grade 1,Maker Education
Primary,Grade 1,Robotics & Engineering
Primary,Grade 1,3D Design & Printing
Primary,Grade 2,English
Primary,Grade 2,Urdu
Primary,Grade 2,Mathematics
Primary,Grade 2,General Science
Primary,Grade 2,General Knowledge
Primary,Grade 2,Social Studies
Primary,Grade 2,Islamiat / Islamic Studies
Primary,Grade 2,Quran Studies
Primary,Grade 2,Nazra Quran
Primary,Grade 2,Quran Translation
Primary,Grade 2,Ethics / Religious Education
Primary,Grade 2,Arabic
Primary,Grade 2,Punjabi
Primary,Grade 2,Sindhi
Primary,Grade 2,Pashto
Primary,Grade 2,Balochi
Primary,Grade 2,Brahui
Primary,Grade 2,Computer Science
Primary,Grade 2,Information Technology / ICT
Primary,Grade 2,Digital Literacy
Primary,Grade 2,Coding
Primary,Grade 2,Programming
Primary,Grade 2,STEM
Primary,Grade 2,Robotics
Primary,Grade 2,Artificial Intelligence
Primary,Grade 2,Environmental Studies
Primary,Grade 2,Art & Drawing
Primary,Grade 2,Fine Arts
Primary,Grade 2,Craft
Primary,Grade 2,Music
Primary,Grade 2,Drama & Performing Arts
Primary,Grade 2,Physical Education
Primary,Grade 2,Health Education
Primary,Grade 2,Sports
Primary,Grade 2,Life Skills
Primary,Grade 2,Character & Moral Education
Primary,Grade 2,Personal Development
Primary,Grade 2,Handwriting
Primary,Grade 2,Reading
Primary,Grade 2,Phonics
Primary,Grade 2,English Grammar
Primary,Grade 2,Creative Writing
Primary,Grade 2,Spelling
Primary,Grade 2,Vocabulary
Primary,Grade 2,Communication Skills
Primary,Grade 2,Public Speaking
Primary,Grade 2,Study Skills
Primary,Grade 2,Financial Literacy
Primary,Grade 2,Entrepreneurship
Primary,Grade 2,Practical Skills
Primary,Grade 2,Agriculture
Primary,Grade 2,Gardening
Primary,Grade 2,Home Economics
Primary,Grade 2,Science Projects
Primary,Grade 2,Maker Education
Primary,Grade 2,Robotics & Engineering
Primary,Grade 2,3D Design & Printing
Primary,Grade 3,English
Primary,Grade 3,Urdu
Primary,Grade 3,Mathematics
Primary,Grade 3,General Science
Primary,Grade 3,General Knowledge
Primary,Grade 3,Social Studies
Primary,Grade 3,Islamiat / Islamic Studies
Primary,Grade 3,Quran Studies
Primary,Grade 3,Nazra Quran
Primary,Grade 3,Quran Translation
Primary,Grade 3,Ethics / Religious Education
Primary,Grade 3,Arabic
Primary,Grade 3,Punjabi
Primary,Grade 3,Sindhi
Primary,Grade 3,Pashto
Primary,Grade 3,Balochi
Primary,Grade 3,Brahui
Primary,Grade 3,Computer Science
Primary,Grade 3,Information Technology / ICT
Primary,Grade 3,Digital Literacy
Primary,Grade 3,Coding
Primary,Grade 3,Programming
Primary,Grade 3,STEM
Primary,Grade 3,Robotics
Primary,Grade 3,Artificial Intelligence
Primary,Grade 3,Environmental Studies
Primary,Grade 3,Art & Drawing
Primary,Grade 3,Fine Arts
Primary,Grade 3,Craft
Primary,Grade 3,Music
Primary,Grade 3,Drama & Performing Arts
Primary,Grade 3,Physical Education
Primary,Grade 3,Health Education
Primary,Grade 3,Sports
Primary,Grade 3,Life Skills
Primary,Grade 3,Character & Moral Education
Primary,Grade 3,Personal Development
Primary,Grade 3,Handwriting
Primary,Grade 3,Reading
Primary,Grade 3,Phonics
Primary,Grade 3,English Grammar
Primary,Grade 3,Creative Writing
Primary,Grade 3,Spelling
Primary,Grade 3,Vocabulary
Primary,Grade 3,Communication Skills
Primary,Grade 3,Public Speaking
Primary,Grade 3,Study Skills
Primary,Grade 3,Financial Literacy
Primary,Grade 3,Entrepreneurship
Primary,Grade 3,Practical Skills
Primary,Grade 3,Agriculture
Primary,Grade 3,Gardening
Primary,Grade 3,Home Economics
Primary,Grade 3,Science Projects
Primary,Grade 3,Maker Education
Primary,Grade 3,Robotics & Engineering
Primary,Grade 3,3D Design & Printing
Primary,Grade 4,English
Primary,Grade 4,Urdu
Primary,Grade 4,Mathematics
Primary,Grade 4,General Science
Primary,Grade 4,General Knowledge
Primary,Grade 4,Social Studies
Primary,Grade 4,Islamiat / Islamic Studies
Primary,Grade 4,Quran Studies
Primary,Grade 4,Nazra Quran
Primary,Grade 4,Quran Translation
Primary,Grade 4,Ethics / Religious Education
Primary,Grade 4,Arabic
Primary,Grade 4,Punjabi
Primary,Grade 4,Sindhi
Primary,Grade 4,Pashto
Primary,Grade 4,Balochi
Primary,Grade 4,Brahui
Primary,Grade 4,Computer Science
Primary,Grade 4,Information Technology / ICT
Primary,Grade 4,Digital Literacy
Primary,Grade 4,Coding
Primary,Grade 4,Programming
Primary,Grade 4,STEM
Primary,Grade 4,Robotics
Primary,Grade 4,Artificial Intelligence
Primary,Grade 4,Environmental Studies
Primary,Grade 4,Art & Drawing
Primary,Grade 4,Fine Arts
Primary,Grade 4,Craft
Primary,Grade 4,Music
Primary,Grade 4,Drama & Performing Arts
Primary,Grade 4,Physical Education
Primary,Grade 4,Health Education
Primary,Grade 4,Sports
Primary,Grade 4,Life Skills
Primary,Grade 4,Character & Moral Education
Primary,Grade 4,Personal Development
Primary,Grade 4,Handwriting
Primary,Grade 4,Reading
Primary,Grade 4,Phonics
Primary,Grade 4,English Grammar
Primary,Grade 4,Creative Writing
Primary,Grade 4,Spelling
Primary,Grade 4,Vocabulary
Primary,Grade 4,Communication Skills
Primary,Grade 4,Public Speaking
Primary,Grade 4,Study Skills
Primary,Grade 4,Financial Literacy
Primary,Grade 4,Entrepreneurship
Primary,Grade 4,Practical Skills
Primary,Grade 4,Agriculture
Primary,Grade 4,Gardening
Primary,Grade 4,Home Economics
Primary,Grade 4,Science Projects
Primary,Grade 4,Maker Education
Primary,Grade 4,Robotics & Engineering
Primary,Grade 4,3D Design & Printing
Primary,Grade 5,English
Primary,Grade 5,Urdu
Primary,Grade 5,Mathematics
Primary,Grade 5,General Science
Primary,Grade 5,General Knowledge
Primary,Grade 5,Social Studies
Primary,Grade 5,Islamiat / Islamic Studies
Primary,Grade 5,Quran Studies
Primary,Grade 5,Nazra Quran
Primary,Grade 5,Quran Translation
Primary,Grade 5,Ethics / Religious Education
Primary,Grade 5,Arabic
Primary,Grade 5,Punjabi
Primary,Grade 5,Sindhi
Primary,Grade 5,Pashto
Primary,Grade 5,Balochi
Primary,Grade 5,Brahui
Primary,Grade 5,Computer Science
Primary,Grade 5,Information Technology / ICT
Primary,Grade 5,Digital Literacy
Primary,Grade 5,Coding
Primary,Grade 5,Programming
Primary,Grade 5,STEM
Primary,Grade 5,Robotics
Primary,Grade 5,Artificial Intelligence
Primary,Grade 5,Environmental Studies
Primary,Grade 5,Art & Drawing
Primary,Grade 5,Fine Arts
Primary,Grade 5,Craft
Primary,Grade 5,Music
Primary,Grade 5,Drama & Performing Arts
Primary,Grade 5,Physical Education
Primary,Grade 5,Health Education
Primary,Grade 5,Sports
Primary,Grade 5,Life Skills
Primary,Grade 5,Character & Moral Education
Primary,Grade 5,Personal Development
Primary,Grade 5,Handwriting
Primary,Grade 5,Reading
Primary,Grade 5,Phonics
Primary,Grade 5,English Grammar
Primary,Grade 5,Creative Writing
Primary,Grade 5,Spelling
Primary,Grade 5,Vocabulary
Primary,Grade 5,Communication Skills
Primary,Grade 5,Public Speaking
Primary,Grade 5,Study Skills
Primary,Grade 5,Financial Literacy
Primary,Grade 5,Entrepreneurship
Primary,Grade 5,Practical Skills
Primary,Grade 5,Agriculture
Primary,Grade 5,Gardening
Primary,Grade 5,Home Economics
Primary,Grade 5,Science Projects
Primary,Grade 5,Maker Education
Primary,Grade 5,Robotics & Engineering
Primary,Grade 5,3D Design & Printing
Middle / Lower Secondary,Grade 6,English
Middle / Lower Secondary,Grade 6,Urdu
Middle / Lower Secondary,Grade 6,Mathematics
Middle / Lower Secondary,Grade 6,General Science
Middle / Lower Secondary,Grade 6,Computer Science
Middle / Lower Secondary,Grade 6,Islamiat / Islamic Studies
Middle / Lower Secondary,Grade 6,Quran Studies / Translation of Holy Quran
Middle / Lower Secondary,Grade 6,Ethics / Religious Education
Middle / Lower Secondary,Grade 6,History
Middle / Lower Secondary,Grade 6,Geography
Middle / Lower Secondary,Grade 6,Social Studies
Middle / Lower Secondary,Grade 6,Regional Language
Middle / Lower Secondary,Grade 6,Arabic
Middle / Lower Secondary,Grade 6,Persian
Middle / Lower Secondary,Grade 6,Punjabi
Middle / Lower Secondary,Grade 6,Sindhi
Middle / Lower Secondary,Grade 6,Pashto
Middle / Lower Secondary,Grade 6,Balochi
Middle / Lower Secondary,Grade 6,Brahui
Middle / Lower Secondary,Grade 6,English Grammar
Middle / Lower Secondary,Grade 6,English Literature
Middle / Lower Secondary,Grade 6,Creative Writing
Middle / Lower Secondary,Grade 6,Communication Skills
Middle / Lower Secondary,Grade 6,General Knowledge
Middle / Lower Secondary,Grade 6,Environmental Studies
Middle / Lower Secondary,Grade 6,Environmental Education
Middle / Lower Secondary,Grade 6,Health & Physical Education
Middle / Lower Secondary,Grade 6,Physical Education
Middle / Lower Secondary,Grade 6,Art & Drawing
Middle / Lower Secondary,Grade 6,Fine Arts
Middle / Lower Secondary,Grade 6,Home Economics
Middle / Lower Secondary,Grade 6,Agriculture
Middle / Lower Secondary,Grade 6,Technology
Middle / Lower Secondary,Grade 6,Information Technology / ICT
Middle / Lower Secondary,Grade 6,Digital Literacy
Middle / Lower Secondary,Grade 6,Coding
Middle / Lower Secondary,Grade 6,Programming
Middle / Lower Secondary,Grade 6,STEM
Middle / Lower Secondary,Grade 6,Robotics
Middle / Lower Secondary,Grade 6,Artificial Intelligence
Middle / Lower Secondary,Grade 6,Electronics
Middle / Lower Secondary,Grade 6,Science Projects
Middle / Lower Secondary,Grade 6,Entrepreneurship
Middle / Lower Secondary,Grade 6,Financial Literacy
Middle / Lower Secondary,Grade 6,Life Skills
Middle / Lower Secondary,Grade 6,Character & Moral Education
Middle / Lower Secondary,Grade 6,Personal Development
Middle / Lower Secondary,Grade 6,Drama & Performing Arts
Middle / Lower Secondary,Grade 6,Music
Middle / Lower Secondary,Grade 6,Craft
Middle / Lower Secondary,Grade 6,Library / Reading
Middle / Lower Secondary,Grade 6,Study Skills
Middle / Lower Secondary,Grade 6,Public Speaking
Middle / Lower Secondary,Grade 6,Handwriting
Middle / Lower Secondary,Grade 7,English
Middle / Lower Secondary,Grade 7,Urdu
Middle / Lower Secondary,Grade 7,Mathematics
Middle / Lower Secondary,Grade 7,General Science
Middle / Lower Secondary,Grade 7,Computer Science
Middle / Lower Secondary,Grade 7,Islamiat / Islamic Studies
Middle / Lower Secondary,Grade 7,Quran Studies / Translation of Holy Quran
Middle / Lower Secondary,Grade 7,Ethics / Religious Education
Middle / Lower Secondary,Grade 7,History
Middle / Lower Secondary,Grade 7,Geography
Middle / Lower Secondary,Grade 7,Social Studies
Middle / Lower Secondary,Grade 7,Regional Language
Middle / Lower Secondary,Grade 7,Arabic
Middle / Lower Secondary,Grade 7,Persian
Middle / Lower Secondary,Grade 7,Punjabi
Middle / Lower Secondary,Grade 7,Sindhi
Middle / Lower Secondary,Grade 7,Pashto
Middle / Lower Secondary,Grade 7,Balochi
Middle / Lower Secondary,Grade 7,Brahui
Middle / Lower Secondary,Grade 7,English Grammar
Middle / Lower Secondary,Grade 7,English Literature
Middle / Lower Secondary,Grade 7,Creative Writing
Middle / Lower Secondary,Grade 7,Communication Skills
Middle / Lower Secondary,Grade 7,General Knowledge
Middle / Lower Secondary,Grade 7,Environmental Studies
Middle / Lower Secondary,Grade 7,Environmental Education
Middle / Lower Secondary,Grade 7,Health & Physical Education
Middle / Lower Secondary,Grade 7,Physical Education
Middle / Lower Secondary,Grade 7,Art & Drawing
Middle / Lower Secondary,Grade 7,Fine Arts
Middle / Lower Secondary,Grade 7,Home Economics
Middle / Lower Secondary,Grade 7,Agriculture
Middle / Lower Secondary,Grade 7,Technology
Middle / Lower Secondary,Grade 7,Information Technology / ICT
Middle / Lower Secondary,Grade 7,Digital Literacy
Middle / Lower Secondary,Grade 7,Coding
Middle / Lower Secondary,Grade 7,Programming
Middle / Lower Secondary,Grade 7,STEM
Middle / Lower Secondary,Grade 7,Robotics
Middle / Lower Secondary,Grade 7,Artificial Intelligence
Middle / Lower Secondary,Grade 7,Electronics
Middle / Lower Secondary,Grade 7,Science Projects
Middle / Lower Secondary,Grade 7,Entrepreneurship
Middle / Lower Secondary,Grade 7,Financial Literacy
Middle / Lower Secondary,Grade 7,Life Skills
Middle / Lower Secondary,Grade 7,Character & Moral Education
Middle / Lower Secondary,Grade 7,Personal Development
Middle / Lower Secondary,Grade 7,Drama & Performing Arts
Middle / Lower Secondary,Grade 7,Music
Middle / Lower Secondary,Grade 7,Craft
Middle / Lower Secondary,Grade 7,Library / Reading
Middle / Lower Secondary,Grade 7,Study Skills
Middle / Lower Secondary,Grade 7,Public Speaking
Middle / Lower Secondary,Grade 7,Handwriting
Middle / Lower Secondary,Grade 8,English
Middle / Lower Secondary,Grade 8,Urdu
Middle / Lower Secondary,Grade 8,Mathematics
Middle / Lower Secondary,Grade 8,General Science
Middle / Lower Secondary,Grade 8,Computer Science
Middle / Lower Secondary,Grade 8,Islamiat / Islamic Studies
Middle / Lower Secondary,Grade 8,Quran Studies / Translation of Holy Quran
Middle / Lower Secondary,Grade 8,Ethics / Religious Education
Middle / Lower Secondary,Grade 8,History
Middle / Lower Secondary,Grade 8,Geography
Middle / Lower Secondary,Grade 8,Social Studies
Middle / Lower Secondary,Grade 8,Regional Language
Middle / Lower Secondary,Grade 8,Arabic
Middle / Lower Secondary,Grade 8,Persian
Middle / Lower Secondary,Grade 8,Punjabi
Middle / Lower Secondary,Grade 8,Sindhi
Middle / Lower Secondary,Grade 8,Pashto
Middle / Lower Secondary,Grade 8,Balochi
Middle / Lower Secondary,Grade 8,Brahui
Middle / Lower Secondary,Grade 8,English Grammar
Middle / Lower Secondary,Grade 8,English Literature
Middle / Lower Secondary,Grade 8,Creative Writing
Middle / Lower Secondary,Grade 8,Communication Skills
Middle / Lower Secondary,Grade 8,General Knowledge
Middle / Lower Secondary,Grade 8,Environmental Studies
Middle / Lower Secondary,Grade 8,Environmental Education
Middle / Lower Secondary,Grade 8,Health & Physical Education
Middle / Lower Secondary,Grade 8,Physical Education
Middle / Lower Secondary,Grade 8,Art & Drawing
Middle / Lower Secondary,Grade 8,Fine Arts
Middle / Lower Secondary,Grade 8,Home Economics
Middle / Lower Secondary,Grade 8,Agriculture
Middle / Lower Secondary,Grade 8,Technology
Middle / Lower Secondary,Grade 8,Information Technology / ICT
Middle / Lower Secondary,Grade 8,Digital Literacy
Middle / Lower Secondary,Grade 8,Coding
Middle / Lower Secondary,Grade 8,Programming
Middle / Lower Secondary,Grade 8,STEM
Middle / Lower Secondary,Grade 8,Robotics
Middle / Lower Secondary,Grade 8,Artificial Intelligence
Middle / Lower Secondary,Grade 8,Electronics
Middle / Lower Secondary,Grade 8,Science Projects
Middle / Lower Secondary,Grade 8,Entrepreneurship
Middle / Lower Secondary,Grade 8,Financial Literacy
Middle / Lower Secondary,Grade 8,Life Skills
Middle / Lower Secondary,Grade 8,Character & Moral Education
Middle / Lower Secondary,Grade 8,Personal Development
Middle / Lower Secondary,Grade 8,Drama & Performing Arts
Middle / Lower Secondary,Grade 8,Music
Middle / Lower Secondary,Grade 8,Craft
Middle / Lower Secondary,Grade 8,Library / Reading
Middle / Lower Secondary,Grade 8,Study Skills
Middle / Lower Secondary,Grade 8,Public Speaking
Middle / Lower Secondary,Grade 8,Handwriting
Matriculation / Secondary,Grade 9 - Arts,English
Matriculation / Secondary,Grade 9 - Arts,Urdu
Matriculation / Secondary,Grade 9 - Arts,Mathematics
Matriculation / Secondary,Grade 9 - Arts,Islamiyat / Islamic Studies
Matriculation / Secondary,Grade 9 - Arts,Pakistan Studies
Matriculation / Secondary,Grade 9 - Arts,General Science
Matriculation / Secondary,Grade 9 - Arts,Economics
Matriculation / Secondary,Grade 9 - Arts,Civics
Matriculation / Secondary,Grade 9 - Arts,Education
Matriculation / Secondary,Grade 9 - Arts,History
Matriculation / Secondary,Grade 9 - Arts,Geography
Matriculation / Secondary,Grade 9 - Arts,Arabic
Matriculation / Secondary,Grade 9 - Arts,Persian
Matriculation / Secondary,Grade 9 - Arts,Punjabi
Matriculation / Secondary,Grade 9 - Arts,Home Economics
Matriculation / Secondary,Grade 9 - Arts,Fine Arts
Matriculation / Secondary,Grade 9 - Arts,Drawing
Matriculation / Secondary,Grade 9 - Arts,Computer Science
Matriculation / Secondary,Grade 9 - Arts,Information Technology
Matriculation / Secondary,Grade 9 - Arts,Physical Education
Matriculation / Secondary,Grade 9 - Arts,Health & Physical Education
Matriculation / Secondary,Grade 9 - Arts,Punjabi Elective
Matriculation / Secondary,Grade 9 - Arts,Arabic Elective
Matriculation / Secondary,Grade 9 - Arts,Persian Elective
Matriculation / Secondary,Grade 9 - Arts,Civics Elective
Matriculation / Secondary,Grade 9 - Arts,Economics Elective
Matriculation / Secondary,Grade 9 - Arts,Education Elective
Matriculation / Secondary,Grade 9 - Arts,History Elective
Matriculation / Secondary,Grade 9 - Arts,Geography Elective
Matriculation / Secondary,Grade 9 - Arts,Home Economics Elective
Matriculation / Secondary,Grade 9 - Arts,Fine Arts Elective
Matriculation / Secondary,Grade 9 - Arts,Computer Science Elective
Matriculation / Secondary,Grade 9 - Arts,Islamic Studies Elective
Matriculation / Secondary,Grade 9 - Arts,Additional Mathematics
Matriculation / Secondary,Grade 10 - Arts,English
Matriculation / Secondary,Grade 10 - Arts,Urdu
Matriculation / Secondary,Grade 10 - Arts,Mathematics
Matriculation / Secondary,Grade 10 - Arts,Islamiyat / Islamic Studies
Matriculation / Secondary,Grade 10 - Arts,Pakistan Studies
Matriculation / Secondary,Grade 10 - Arts,General Science
Matriculation / Secondary,Grade 10 - Arts,Economics
Matriculation / Secondary,Grade 10 - Arts,Civics
Matriculation / Secondary,Grade 10 - Arts,Education
Matriculation / Secondary,Grade 10 - Arts,History
Matriculation / Secondary,Grade 10 - Arts,Geography
Matriculation / Secondary,Grade 10 - Arts,Arabic
Matriculation / Secondary,Grade 10 - Arts,Persian
Matriculation / Secondary,Grade 10 - Arts,Punjabi
Matriculation / Secondary,Grade 10 - Arts,Home Economics
Matriculation / Secondary,Grade 10 - Arts,Fine Arts
Matriculation / Secondary,Grade 10 - Arts,Drawing
Matriculation / Secondary,Grade 10 - Arts,Computer Science
Matriculation / Secondary,Grade 10 - Arts,Information Technology
Matriculation / Secondary,Grade 10 - Arts,Physical Education
Matriculation / Secondary,Grade 10 - Arts,Health & Physical Education
Matriculation / Secondary,Grade 10 - Arts,Punjabi Elective
Matriculation / Secondary,Grade 10 - Arts,Arabic Elective
Matriculation / Secondary,Grade 10 - Arts,Persian Elective
Matriculation / Secondary,Grade 10 - Arts,Civics Elective
Matriculation / Secondary,Grade 10 - Arts,Economics Elective
Matriculation / Secondary,Grade 10 - Arts,Education Elective
Matriculation / Secondary,Grade 10 - Arts,History Elective
Matriculation / Secondary,Grade 10 - Arts,Geography Elective
Matriculation / Secondary,Grade 10 - Arts,Home Economics Elective
Matriculation / Secondary,Grade 10 - Arts,Fine Arts Elective
Matriculation / Secondary,Grade 10 - Arts,Computer Science Elective
Matriculation / Secondary,Grade 10 - Arts,Islamic Studies Elective
Matriculation / Secondary,Grade 10 - Arts,Additional Mathematics
Matriculation / Secondary,Grade 9 - Science,English
Matriculation / Secondary,Grade 9 - Science,Urdu
Matriculation / Secondary,Grade 9 - Science,Mathematics
Matriculation / Secondary,Grade 9 - Science,Physics
Matriculation / Secondary,Grade 9 - Science,Chemistry
Matriculation / Secondary,Grade 9 - Science,Biology
Matriculation / Secondary,Grade 9 - Science,Computer Science
Matriculation / Secondary,Grade 9 - Science,Islamiyat / Islamic Studies
Matriculation / Secondary,Grade 9 - Science,Pakistan Studies
Matriculation / Secondary,Grade 9 - Science,General Science
Matriculation / Secondary,Grade 9 - Science,Translation of the Holy Quran
Matriculation / Secondary,Grade 9 - Science,Nazra Quran
Matriculation / Secondary,Grade 9 - Science,Quran Studies
Matriculation / Secondary,Grade 9 - Science,Arabic
Matriculation / Secondary,Grade 9 - Science,Punjabi
Matriculation / Secondary,Grade 9 - Science,Sindhi
Matriculation / Secondary,Grade 9 - Science,Pashto
Matriculation / Secondary,Grade 9 - Science,Balochi
Matriculation / Secondary,Grade 9 - Science,Ethics
Matriculation / Secondary,Grade 9 - Science,Religious Education
Matriculation / Secondary,Grade 9 - Science,Information Technology
Matriculation / Secondary,Grade 9 - Science,ICT
Matriculation / Secondary,Grade 9 - Science,Additional Mathematics
Matriculation / Secondary,Grade 9 - Science,General Mathematics
Matriculation / Secondary,Grade 10 - Science,English
Matriculation / Secondary,Grade 10 - Science,Urdu
Matriculation / Secondary,Grade 10 - Science,Mathematics
Matriculation / Secondary,Grade 10 - Science,Physics
Matriculation / Secondary,Grade 10 - Science,Chemistry
Matriculation / Secondary,Grade 10 - Science,Biology
Matriculation / Secondary,Grade 10 - Science,Computer Science
Matriculation / Secondary,Grade 10 - Science,Islamiyat / Islamic Studies
Matriculation / Secondary,Grade 10 - Science,Pakistan Studies
Matriculation / Secondary,Grade 10 - Science,General Science
Matriculation / Secondary,Grade 10 - Science,Translation of the Holy Quran
Matriculation / Secondary,Grade 10 - Science,Nazra Quran
Matriculation / Secondary,Grade 10 - Science,Quran Studies
Matriculation / Secondary,Grade 10 - Science,Arabic
Matriculation / Secondary,Grade 10 - Science,Punjabi
Matriculation / Secondary,Grade 10 - Science,Sindhi
Matriculation / Secondary,Grade 10 - Science,Pashto
Matriculation / Secondary,Grade 10 - Science,Balochi
Matriculation / Secondary,Grade 10 - Science,Ethics
Matriculation / Secondary,Grade 10 - Science,Religious Education
Matriculation / Secondary,Grade 10 - Science,Information Technology
Matriculation / Secondary,Grade 10 - Science,ICT
Matriculation / Secondary,Grade 10 - Science,Additional Mathematics
Matriculation / Secondary,Grade 10 - Science,General Mathematics
IGCSE,IGCSE Core,English
IGCSE,IGCSE Core,Mathematics
IGCSE,IGCSE Core,Biology
IGCSE,IGCSE Core,Chemistry
IGCSE,IGCSE Core,Physics
IGCSE,IGCSE Core,Combined Science
IGCSE,IGCSE Core,Co-ordinated Sciences
IGCSE,IGCSE Core,Computer Science
IGCSE,IGCSE Core,ICT
IGCSE,IGCSE Core,Pakistan Studies
IGCSE,IGCSE Core,Islamiyat
IGCSE,IGCSE Core,Urdu
IGCSE,IGCSE Core,Accounting
IGCSE,IGCSE Core,Business Studies
IGCSE,IGCSE Core,Economics
IGCSE,IGCSE Core,Geography
IGCSE,IGCSE Core,History
IGCSE,IGCSE Core,Sociology
IGCSE,IGCSE Core,Environmental Management
IGCSE,IGCSE Core,Art & Design
IGCSE,IGCSE Core,Design & Technology
IGCSE,IGCSE Core,Physical Education
IGCSE,IGCSE Core,Literature in English
IGCSE,IGCSE Core,Global Perspectives
IGCSE,IGCSE Core,Arabic
IGCSE,O Levels,English Language
IGCSE,O Levels,Literature in English
IGCSE,O Levels,Mathematics
IGCSE,O Levels,Additional Mathematics
IGCSE,O Levels,Biology
IGCSE,O Levels,Chemistry
IGCSE,O Levels,Physics
IGCSE,O Levels,Combined Science
IGCSE,O Levels,Environmental Management
IGCSE,O Levels,Accounting
IGCSE,O Levels,Business Studies
IGCSE,O Levels,Economics
IGCSE,O Levels,Commerce
IGCSE,O Levels,Computer Science
IGCSE,O Levels,Statistics
IGCSE,O Levels,Geography
IGCSE,O Levels,History
IGCSE,O Levels,Sociology
IGCSE,O Levels,Global Perspectives
IGCSE,O Levels,Pakistan Studies
IGCSE,O Levels,Islamiyat
IGCSE,O Levels,Islamic Studies
IGCSE,O Levels,Arabic
IGCSE,O Levels,Urdu as a First Language
IGCSE,O Levels,Urdu as a Second Language
IGCSE,O Levels,Art & Design
IGCSE,O Levels,Food & Nutrition
IGCSE,O Levels,Fashion & Textiles
IGCSE,O Levels,Travel & Tourism
IGCSE,O Levels,Physical Education
IGCSE,O Levels,Agriculture
IGCSE,O Levels,Bangladesh Studies
IGCSE,O Levels,Bengali
IGCSE,O Levels,Sinhala
IGCSE,O Levels,Tamil
IGCSE,O Levels,Biblical Studies
IGCSE,AS & A Levels,Accounting
IGCSE,AS & A Levels,Arabic
IGCSE,AS & A Levels,Art & Design
IGCSE,AS & A Levels,Biblical Studies
IGCSE,AS & A Levels,Biology
IGCSE,AS & A Levels,Business
IGCSE,AS & A Levels,Chemistry
IGCSE,AS & A Levels,Chinese Language
IGCSE,AS & A Levels,Chinese Language & Literature
IGCSE,AS & A Levels,Classical Studies
IGCSE,AS & A Levels,Computer Science
IGCSE,AS & A Levels,Design & Technology
IGCSE,AS & A Levels,Digital Media & Design
IGCSE,AS & A Levels,Drama
IGCSE,AS & A Levels,Economics
IGCSE,AS & A Levels,English Language
IGCSE,AS & A Levels,English Language & Literature
IGCSE,AS & A Levels,English Literature
IGCSE,AS & A Levels,English General Paper
IGCSE,AS & A Levels,Environmental Management
IGCSE,AS & A Levels,European History
IGCSE,AS & A Levels,French Language
IGCSE,AS & A Levels,French Language & Literature
IGCSE,AS & A Levels,Geography
IGCSE,AS & A Levels,German Language
IGCSE,AS & A Levels,German Language & Literature
IGCSE,AS & A Levels,Global Perspectives & Research
IGCSE,AS & A Levels,History
IGCSE,AS & A Levels,Hinduism
IGCSE,AS & A Levels,Information Technology
IGCSE,AS & A Levels,International History
IGCSE,AS & A Levels,Islamic Studies
IGCSE,AS & A Levels,Law
IGCSE,AS & A Levels,Marine Science
IGCSE,AS & A Levels,Mathematics
IGCSE,AS & A Levels,Further Mathematics
IGCSE,AS & A Levels,Media Studies
IGCSE,AS & A Levels,Music
IGCSE,AS & A Levels,Physics
IGCSE,AS & A Levels,Portuguese
IGCSE,AS & A Levels,Psychology
IGCSE,AS & A Levels,Sociology
IGCSE,AS & A Levels,Spanish Language
IGCSE,AS & A Levels,Spanish Language & Literature
IGCSE,AS & A Levels,Sport & Physical Education
IGCSE,AS & A Levels,Tamil
IGCSE,AS & A Levels,Thinking Skills
IGCSE,AS & A Levels,Travel & Tourism
IGCSE,AS & A Levels,Urdu
IGCSE,AS & A Levels,Urdu Language & Literature
IGCSE,AS & A Levels,Urdu – Pakistan
IGCSE,AS & A Levels,US History
IGCSE,AS & A Levels,Statistics
IGCSE,AS & A Levels,Environmental Science
IGCSE,AS & A Levels,Economics & Business
IGCSE,AS & A Levels,Pakistan Studies
IGCSE,AS & A Levels,Religious Studies
Intermediate,FA ( Part I & Part II),English
Intermediate,FA ( Part I & Part II),Urdu
Intermediate,FA ( Part I & Part II),Islamic Education / Islamiat
Intermediate,FA ( Part I & Part II),Pakistan Studies
Intermediate,FA ( Part I & Part II),Translation of the Holy Quran
Intermediate,FA ( Part I & Part II),Ethics / Religious Education
Intermediate,FA ( Part I & Part II),History
Intermediate,FA ( Part I & Part II),History of Islam
Intermediate,FA ( Part I & Part II),History of Muslim India
Intermediate,FA ( Part I & Part II),History of Pakistan
Intermediate,FA ( Part I & Part II),History of the Modern World
Intermediate,FA ( Part I & Part II),Economics
Intermediate,FA ( Part I & Part II),Geography
Intermediate,FA ( Part I & Part II),Civics
Intermediate,FA ( Part I & Part II),Philosophy
Intermediate,FA ( Part I & Part II),Psychology
Intermediate,FA ( Part I & Part II),Sociology
Intermediate,FA ( Part I & Part II),Statistics
Intermediate,FA ( Part I & Part II),Islamic Studies
Intermediate,FA ( Part I & Part II),Education
Intermediate,FA ( Part I & Part II),Home Economics
Intermediate,FA ( Part I & Part II),Outlines of Home Economics
Intermediate,FA ( Part I & Part II),Fine Arts
Intermediate,FA ( Part I & Part II),Music
Intermediate,FA ( Part I & Part II),Arabic
Intermediate,FA ( Part I & Part II),Persian
Intermediate,FA ( Part I & Part II),Punjabi
Intermediate,FA ( Part I & Part II),Sindhi
Intermediate,FA ( Part I & Part II),Pashto
Intermediate,FA ( Part I & Part II),Saraiki
Intermediate,FA ( Part I & Part II),Urdu Advance
Intermediate,FA ( Part I & Part II),English Elective
Intermediate,FA ( Part I & Part II),French
Intermediate,FA ( Part I & Part II),German
Intermediate,FA ( Part I & Part II),Health & Physical Education
Intermediate,FA ( Part I & Part II),Military Science
Intermediate,FA ( Part I & Part II),Geology
Intermediate,FA ( Part I & Part II),Library Science
Intermediate,FA ( Part I & Part II),Computer Science
Intermediate,FA ( Part I & Part II),Computer Science & Entrepreneurship
Intermediate,FA ( Part I & Part II),Mathematics
Intermediate,FA ( Part I & Part II),Agriculture
Intermediate,FA ( Part I & Part II),Nursing
Intermediate,FA ( Part I & Part II),Commercial Practices
Intermediate,FA ( Part I & Part II),Applied Art
Intermediate,FA ( Part I & Part II),Food & Nutrition
Intermediate,FA ( Part I & Part II),Child Development & Family Living
Intermediate,FA ( Part I & Part II),Clothing & Textile
Intermediate,FA ( Part I & Part II),Entrepreneurship
Intermediate,FA ( Part I & Part II),General Science
Intermediate,FA ( Part I & Part II),Information Technology / ICT
Intermediate,FA ( Part I & Part II),Media Studies
Intermediate,FA ( Part I & Part II),Environmental Studies
Intermediate,FSC Part I & Part II,English
Intermediate,FSC Part I & Part II,Urdu
Intermediate,FSC Part I & Part II,Islamiyat / Islamic Studies
Intermediate,FSC Part I & Part II,Pakistan Studies
Intermediate,FSC Part I & Part II,Translation of the Holy Quran
Intermediate,FSC Part I & Part II,Ethics / Religious Education
Intermediate,FSC Part I & Part II,Physics
Intermediate,FSC Part I & Part II,Chemistry
Intermediate,FSC Part I & Part II,Biology
Intermediate,FSC Part I & Part II,Mathematics
Intermediate,FSC Part I & Part II,Statistics
Intermediate,FSC Part I & Part II,Economics
Intermediate,FSC Part I & Part II,Computer Science
Intermediate,FSC Part I & Part II,Computer Science & Entrepreneurship
Intermediate,FSC Part I & Part II,General Science
Intermediate,FSC Part I & Part II,Information Technology / ICT
Intermediate,FSC Part I & Part II,Environmental Science
Intermediate,FSC Part I & Part II,Geology
Intermediate,FSC Part I & Part II,Agriculture
Intermediate,FSC Part I & Part II,Health & Physical Education
Intermediate,FSC Part I & Part II,Physical Education
Intermediate,FSC Part I & Part II,Library Science
ADP (2 Years),All Programs,English
ADP (2 Years),All Programs,Urdu
ADP (2 Years),All Programs,Pakistan Studies
ADP (2 Years),All Programs,Islamiyat / Islamic Studies
ADP (2 Years),All Programs,Translation of the Holy Quran
ADP (2 Years),All Programs,Ethics / Religious Education
ADP (2 Years),All Programs,Mathematics
ADP (2 Years),All Programs,Statistics
ADP (2 Years),All Programs,Computer Science
ADP (2 Years),All Programs,Information Technology / ICT
ADP (2 Years),All Programs,Physics
ADP (2 Years),All Programs,Chemistry
ADP (2 Years),All Programs,Biology
ADP (2 Years),All Programs,Economics
ADP (2 Years),All Programs,Accounting
ADP (2 Years),All Programs,Finance
ADP (2 Years),All Programs,Business Studies
ADP (2 Years),All Programs,Management
ADP (2 Years),All Programs,Marketing
ADP (2 Years),All Programs,Human Resource Management
ADP (2 Years),All Programs,Entrepreneurship
ADP (2 Years),All Programs,Commerce
ADP (2 Years),All Programs,Education
ADP (2 Years),All Programs,Psychology
ADP (2 Years),All Programs,Sociology
ADP (2 Years),All Programs,Political Science
ADP (2 Years),All Programs,International Relations
ADP (2 Years),All Programs,History
ADP (2 Years),All Programs,Geography
ADP (2 Years),All Programs,English Literature
ADP (2 Years),All Programs,English Language & Linguistics
ADP (2 Years),All Programs,Arabic
ADP (2 Years),All Programs,Punjabi
ADP (2 Years),All Programs,Islamic Studies
ADP (2 Years),All Programs,Mass Communication
ADP (2 Years),All Programs,Journalism
ADP (2 Years),All Programs,Library & Information Science
ADP (2 Years),All Programs,Social Work
ADP (2 Years),All Programs,Public Administration
ADP (2 Years),All Programs,Environmental Science
ADP (2 Years),All Programs,Physical Education
ADP (2 Years),All Programs,Fine Arts
ADP (2 Years),All Programs,Home Economics
ADP (2 Years),All Programs,Agriculture
ADP (2 Years),All Programs,Food Science & Technology
ADP (2 Years),All Programs,Botany
ADP (2 Years),All Programs,Zoology
ADP (2 Years),All Programs,Microbiology
ADP (2 Years),All Programs,Biotechnology
ADP (2 Years),All Programs,Geology
ADP (2 Years),All Programs,Computer Programming
ADP (2 Years),All Programs,Database Management
ADP (2 Years),All Programs,Web Development
ADP (2 Years),All Programs,Graphic Design
ADP (2 Years),All Programs,Digital Marketing
ADP (2 Years),All Programs,Data Science
ADP (2 Years),All Programs,Artificial Intelligence
ADP (2 Years),All Programs,Cyber Security
ADP (2 Years),All Programs,Business Analytics
ADP (2 Years),All Programs,Supply Chain Management
ADP (2 Years),All Programs,Project Management
ADP (2 Years),All Programs,Banking & Finance
ADP (2 Years),All Programs,Islamic Banking & Finance
ADP (2 Years),All Programs,Tourism & Hospitality Management
ADP (2 Years),All Programs,Special Education
ADP (2 Years),All Programs,Early Childhood Education
ADP (2 Years),All Programs,Public Health
ADP (2 Years),All Programs,Human Nutrition & Dietetics
BS (4 Years),Semester 1 - 8,English
BS (4 Years),Semester 1 - 8,Urdu
BS (4 Years),Semester 1 - 8,Pakistan Studies
BS (4 Years),Semester 1 - 8,Islamiyat / Islamic Studies
BS (4 Years),Semester 1 - 8,Translation of the Holy Quran
BS (4 Years),Semester 1 - 8,Ethics / Religious Education
BS (4 Years),Semester 1 - 8,Mathematics
BS (4 Years),Semester 1 - 8,Statistics
BS (4 Years),Semester 1 - 8,Computer Science
BS (4 Years),Semester 1 - 8,Information Technology
BS (4 Years),Semester 1 - 8,Artificial Intelligence
BS (4 Years),Semester 1 - 8,Data Science
BS (4 Years),Semester 1 - 8,Cyber Security
BS (4 Years),Semester 1 - 8,Software Engineering
BS (4 Years),Semester 1 - 8,Information Systems
BS (4 Years),Semester 1 - 8,Computer Engineering
BS (4 Years),Semester 1 - 8,Electrical Engineering
BS (4 Years),Semester 1 - 8,Electronics Engineering
BS (4 Years),Semester 1 - 8,Mechanical Engineering
BS (4 Years),Semester 1 - 8,Civil Engineering
BS (4 Years),Semester 1 - 8,Chemical Engineering
BS (4 Years),Semester 1 - 8,Biomedical Engineering
BS (4 Years),Semester 1 - 8,Environmental Engineering
BS (4 Years),Semester 1 - 8,Architecture
BS (4 Years),Semester 1 - 8,Accounting
BS (4 Years),Semester 1 - 8,Finance
BS (4 Years),Semester 1 - 8,Banking & Finance
BS (4 Years),Semester 1 - 8,Business Administration
BS (4 Years),Semester 1 - 8,Business Analytics
BS (4 Years),Semester 1 - 8,Marketing
BS (4 Years),Semester 1 - 8,Human Resource Management
BS (4 Years),Semester 1 - 8,Entrepreneurship
BS (4 Years),Semester 1 - 8,Supply Chain Management
BS (4 Years),Semester 1 - 8,Project Management
BS (4 Years),Semester 1 - 8,Economics
BS (4 Years),Semester 1 - 8,Commerce
BS (4 Years),Semester 1 - 8,Education
BS (4 Years),Semester 1 - 8,Early Childhood Education
BS (4 Years),Semester 1 - 8,Elementary Education
BS (4 Years),Semester 1 - 8,Secondary Education
BS (4 Years),Semester 1 - 8,Special Education
BS (4 Years),Semester 1 - 8,Educational Leadership & Management
BS (4 Years),Semester 1 - 8,Psychology
BS (4 Years),Semester 1 - 8,Applied Psychology
BS (4 Years),Semester 1 - 8,Sociology
BS (4 Years),Semester 1 - 8,Social Work
BS (4 Years),Semester 1 - 8,Political Science
BS (4 Years),Semester 1 - 8,International Relations
BS (4 Years),Semester 1 - 8,Public Administration
BS (4 Years),Semester 1 - 8,Law
BS (4 Years),Semester 1 - 8,History
BS (4 Years),Semester 1 - 8,Geography
BS (4 Years),Semester 1 - 8,Islamic Studies
BS (4 Years),Semester 1 - 8,English Literature
BS (4 Years),Semester 1 - 8,English Language & Linguistics
BS (4 Years),Semester 1 - 8,Urdu Literature
BS (4 Years),Semester 1 - 8,Arabic
BS (4 Years),Semester 1 - 8,Punjabi
BS (4 Years),Semester 1 - 8,Persian
BS (4 Years),Semester 1 - 8,Mass Communication
BS (4 Years),Semester 1 - 8,Journalism
BS (4 Years),Semester 1 - 8,Media Studies
BS (4 Years),Semester 1 - 8,Development Studies
BS (4 Years),Semester 1 - 8,Peace & Conflict Studies
BS (4 Years),Semester 1 - 8,Environmental Science
BS (4 Years),Semester 1 - 8,Environmental Studies
BS (4 Years),Semester 1 - 8,Biology
BS (4 Years),Semester 1 - 8,Botany
BS (4 Years),Semester 1 - 8,Zoology
BS (4 Years),Semester 1 - 8,Microbiology
BS (4 Years),Semester 1 - 8,Biotechnology
BS (4 Years),Semester 1 - 8,Biochemistry
BS (4 Years),Semester 1 - 8,Chemistry
BS (4 Years),Semester 1 - 8,Physics
BS (4 Years),Semester 1 - 8,Applied Mathematics
BS (4 Years),Semester 1 - 8,Geology
BS (4 Years),Semester 1 - 8,Agriculture
BS (4 Years),Semester 1 - 8,Agronomy
BS (4 Years),Semester 1 - 8,Horticulture
BS (4 Years),Semester 1 - 8,Food Science & Technology
BS (4 Years),Semester 1 - 8,Food & Nutrition
BS (4 Years),Semester 1 - 8,Human Nutrition & Dietetics
BS (4 Years),Semester 1 - 8,Public Health
BS (4 Years),Semester 1 - 8,Pharmacy
BS (4 Years),Semester 1 - 8,Nursing
BS (4 Years),Semester 1 - 8,Allied Health Sciences
BS (4 Years),Semester 1 - 8,Medical Laboratory Technology
BS (4 Years),Semester 1 - 8,Physiotherapy
BS (4 Years),Semester 1 - 8,Physical Education
BS (4 Years),Semester 1 - 8,Sports Sciences
BS (4 Years),Semester 1 - 8,Fine Arts
BS (4 Years),Semester 1 - 8,Visual Arts
BS (4 Years),Semester 1 - 8,Graphic Design
BS (4 Years),Semester 1 - 8,Fashion Design
BS (4 Years),Semester 1 - 8,Textile Design
BS (4 Years),Semester 1 - 8,Interior Design
BS (4 Years),Semester 1 - 8,Design & Technology
BS (4 Years),Semester 1 - 8,Tourism & Hospitality Management
BS (4 Years),Semester 1 - 8,Hotel Management
BS (4 Years),Semester 1 - 8,Aviation Management
BS (4 Years),Semester 1 - 8,Library & Information Science
BS (4 Years),Semester 1 - 8,Environmental Management
BS (4 Years),Semester 1 - 8,Media & Communication
BS (4 Years),Semester 1 - 8,Film & Television
BS (4 Years),Semester 1 - 8,Theatre & Performing Arts
BS (4 Years),Semester 1 - 8,Music
BS (4 Years),Semester 1 - 8,Islamic Banking & Finance
BS (4 Years),Semester 1 - 8,Islamic Economics
BS (4 Years),Semester 1 - 8,Actuarial Science
BS (4 Years),Semester 1 - 8,Operations Research
BS (4 Years),Semester 1 - 8,Artificial Intelligence & Robotics
BS (4 Years),Semester 1 - 8,Blockchain Technology
BS (4 Years),Semester 1 - 8,Cloud Computing
BS (4 Years),Semester 1 - 8,Web Development
BS (4 Years),Semester 1 - 8,Mobile Application Development
BS (4 Years),Semester 1 - 8,Game Development
BS (4 Years),Semester 1 - 8,Digital Marketing
BS (4 Years),Semester 1 - 8,E-Commerce
BS (4 Years),Semester 1 - 8,FinTech
BS (4 Years),Semester 1 - 8,Renewable Energy
BS (4 Years),Semester 1 - 8,Energy Engineering
BS (4 Years),Semester 1 - 8,Telecommunication Engineering
BS (4 Years),Semester 1 - 8,Mechatronics Engineering
BS (4 Years),Semester 1 - 8,Robotics Engineering
Test Preparations,All Tests,GRE Preparation
Test Preparations,All Tests,GMAT Preparation
Test Preparations,All Tests,IELTS Preparation
Test Preparations,All Tests,TOEFL Preparation
Test Preparations,All Tests,PTE Academic Preparation
Test Preparations,All Tests,MDCAT Preparation
Test Preparations,All Tests,ECAT Preparation
Test Preparations,All Tests,NET Preparation
Test Preparations,All Tests,FAST-NU Admission Test Preparation
Test Preparations,All Tests,GIKI Admission Test Preparation
Test Preparations,All Tests,COMSATS Admission Test Preparation
Test Preparations,All Tests,LUMS Admission Test Preparation
Test Preparations,All Tests,NTS Test Preparation
Test Preparations,All Tests,NAT Preparation
Test Preparations,All Tests,GAT General Preparation
Test Preparations,All Tests,GAT Subject Preparation
Test Preparations,All Tests,ETEA Test Preparation
Test Preparations,All Tests,ECAT Engineering Entry Test Preparation
Test Preparations,All Tests,University Admission Test Preparation
Test Preparations,All Tests,Medical Entry Test Preparation
Test Preparations,All Tests,Engineering Entry Test Preparation
Test Preparations,All Tests,Law Admission Test (LAT) Preparation
Test Preparations,All Tests,Law GAT Preparation
Test Preparations,All Tests,CSS Preparation
Test Preparations,All Tests,PMS Preparation
Test Preparations,All Tests,FPSC Test Preparation
Test Preparations,All Tests,PPSC Test Preparation
Test Preparations,All Tests,SPSC Test Preparation
Test Preparations,All Tests,KPPSC Test Preparation
Test Preparations,All Tests,BPSC Test Preparation
Test Preparations,All Tests,AJKPSC Test Preparation
Test Preparations,All Tests,NTS Recruitment Test Preparation
Test Preparations,All Tests,FPSC Competitive Exam Preparation
Test Preparations,All Tests,Police Recruitment Test Preparation
Test Preparations,All Tests,Armed Forces Test Preparation
Test Preparations,All Tests,ISSB Preparation
Test Preparations,All Tests,Pakistan Army Initial Test Preparation
Test Preparations,All Tests,Pakistan Navy Test Preparation
Test Preparations,All Tests,Pakistan Air Force Test Preparation
Test Preparations,All Tests,Cadet College Entry Test Preparation
Test Preparations,All Tests,Military College Entry Test Preparation
Test Preparations,All Tests,Scholarship Test Preparation
Test Preparations,All Tests,School Admission Test Preparation
Test Preparations,All Tests,College Admission Test Preparation
Test Preparations,All Tests,University Entrance Test Preparation
Test Preparations,All Tests,English Proficiency Test Preparation
Test Preparations,All Tests,General Aptitude Test Preparation
Test Preparations,All Tests,Verbal Reasoning
Test Preparations,All Tests,Quantitative Reasoning
Test Preparations,All Tests,Logical Reasoning
Test Preparations,All Tests,Analytical Reasoning
Test Preparations,All Tests,Non-Verbal Reasoning
Test Preparations,All Tests,IQ Test Preparation
Test Preparations,All Tests,General Knowledge Test Preparation
Test Preparations,All Tests,Current Affairs Test Preparation
Test Preparations,All Tests,Subject Specialist Test Preparation
Test Preparations,All Tests,Teaching Recruitment Test Preparation
Test Preparations,All Tests,Educator Test Preparation
Test Preparations,All Tests,Banking Test Preparation
Test Preparations,All Tests,Accounting & Finance Test Preparation
Test Preparations,All Tests,Computer-Based Test Preparation
Test Preparations,All Tests,Typing Test Preparation
Test Preparations,All Tests,Driving License Test Preparation
Test Preparations,All Tests,Vocational Test Preparation
MS / MPhil,Semester 1 - 6,English
MS / MPhil,Semester 1 - 6,English Literature
MS / MPhil,Semester 1 - 6,English Language & Linguistics
MS / MPhil,Semester 1 - 6,Urdu
MS / MPhil,Semester 1 - 6,Punjabi
MS / MPhil,Semester 1 - 6,Arabic
MS / MPhil,Semester 1 - 6,Persian
MS / MPhil,Semester 1 - 6,Islamic Studies
MS / MPhil,Semester 1 - 6,Quranic Studies
MS / MPhil,Semester 1 - 6,Hadith Studies
MS / MPhil,Semester 1 - 6,Comparative Religion
MS / MPhil,Semester 1 - 6,Education
MS / MPhil,Semester 1 - 6,Educational Leadership & Management
MS / MPhil,Semester 1 - 6,Teacher Education
MS / MPhil,Semester 1 - 6,Early Childhood Education
MS / MPhil,Semester 1 - 6,Special Education
MS / MPhil,Semester 1 - 6,Educational Psychology
MS / MPhil,Semester 1 - 6,Curriculum & Instruction
MS / MPhil,Semester 1 - 6,Educational Technology
MS / MPhil,Semester 1 - 6,Educational Planning & Management
MS / MPhil,Semester 1 - 6,Psychology
MS / MPhil,Semester 1 - 6,Clinical Psychology
MS / MPhil,Semester 1 - 6,Applied Psychology
MS / MPhil,Semester 1 - 6,Sociology
MS / MPhil,Semester 1 - 6,Social Work
MS / MPhil,Semester 1 - 6,Political Science
MS / MPhil,Semester 1 - 6,International Relations
MS / MPhil,Semester 1 - 6,Public Administration
MS / MPhil,Semester 1 - 6,History
MS / MPhil,Semester 1 - 6,Geography
MS / MPhil,Semester 1 - 6,Pakistan Studies
MS / MPhil,Semester 1 - 6,Economics
MS / MPhil,Semester 1 - 6,Commerce
MS / MPhil,Semester 1 - 6,Business Administration
MS / MPhil,Semester 1 - 6,Management Sciences
MS / MPhil,Semester 1 - 6,Marketing
MS / MPhil,Semester 1 - 6,Finance
MS / MPhil,Semester 1 - 6,Accounting
MS / MPhil,Semester 1 - 6,Human Resource Management
MS / MPhil,Semester 1 - 6,Entrepreneurship
MS / MPhil,Semester 1 - 6,Supply Chain Management
MS / MPhil,Semester 1 - 6,Business Analytics
MS / MPhil,Semester 1 - 6,Computer Science
MS / MPhil,Semester 1 - 6,Information Technology
MS / MPhil,Semester 1 - 6,Software Engineering
MS / MPhil,Semester 1 - 6,Artificial Intelligence
MS / MPhil,Semester 1 - 6,Data Science
MS / MPhil,Semester 1 - 6,Cyber Security
MS / MPhil,Semester 1 - 6,Information Systems
MS / MPhil,Semester 1 - 6,Mathematics
MS / MPhil,Semester 1 - 6,Applied Mathematics
MS / MPhil,Semester 1 - 6,Statistics
MS / MPhil,Semester 1 - 6,Physics
MS / MPhil,Semester 1 - 6,Chemistry
MS / MPhil,Semester 1 - 6,Biochemistry
MS / MPhil,Semester 1 - 6,Biology
MS / MPhil,Semester 1 - 6,Botany
MS / MPhil,Semester 1 - 6,Zoology
MS / MPhil,Semester 1 - 6,Microbiology
MS / MPhil,Semester 1 - 6,Biotechnology
MS / MPhil,Semester 1 - 6,Environmental Science
MS / MPhil,Semester 1 - 6,Environmental Management
MS / MPhil,Semester 1 - 6,Geology
MS / MPhil,Semester 1 - 6,Food Science & Technology
MS / MPhil,Semester 1 - 6,Food & Nutrition
MS / MPhil,Semester 1 - 6,Human Nutrition & Dietetics
MS / MPhil,Semester 1 - 6,Agriculture
MS / MPhil,Semester 1 - 6,Agronomy
MS / MPhil,Semester 1 - 6,Horticulture
MS / MPhil,Semester 1 - 6,Plant Sciences
MS / MPhil,Semester 1 - 6,Animal Sciences
MS / MPhil,Semester 1 - 6,Veterinary Sciences
MS / MPhil,Semester 1 - 6,Public Health
MS / MPhil,Semester 1 - 6,Epidemiology
MS / MPhil,Semester 1 - 6,Pharmacy
MS / MPhil,Semester 1 - 6,Pharmaceutical Sciences
MS / MPhil,Semester 1 - 6,Pharmacology
MS / MPhil,Semester 1 - 6,Medical Laboratory Sciences
MS / MPhil,Semester 1 - 6,Physiotherapy
MS / MPhil,Semester 1 - 6,Physical Education
MS / MPhil,Semester 1 - 6,Sports Sciences
MS / MPhil,Semester 1 - 6,Fine Arts
MS / MPhil,Semester 1 - 6,Visual Arts
MS / MPhil,Semester 1 - 6,Art & Design
MS / MPhil,Semester 1 - 6,Graphic Design
MS / MPhil,Semester 1 - 6,Media Studies
MS / MPhil,Semester 1 - 6,Mass Communication
MS / MPhil,Semester 1 - 6,Journalism
MS / MPhil,Semester 1 - 6,Film & Television
MS / MPhil,Semester 1 - 6,Library & Information Science
MS / MPhil,Semester 1 - 6,Development Studies
MS / MPhil,Semester 1 - 6,Peace & Conflict Studies
MS / MPhil,Semester 1 - 6,Gender Studies
MS / MPhil,Semester 1 - 6,International Development
MS / MPhil,Semester 1 - 6,Defence & Strategic Studies
MS / MPhil,Semester 1 - 6,Defence Studies
MS / MPhil,Semester 1 - 6,Law
MS / MPhil,Semester 1 - 6,Criminology
MS / MPhil,Semester 1 - 6,Anthropology
MS / MPhil,Semester 1 - 6,Archaeology
MS / MPhil,Semester 1 - 6,Philosophy
MS / MPhil,Semester 1 - 6,Economics & Finance
MS / MPhil,Semester 1 - 6,Islamic Economics
MS / MPhil,Semester 1 - 6,Islamic Banking & Finance
MS / MPhil,Semester 1 - 6,Islamic Finance
MS / MPhil,Semester 1 - 6,Actuarial Science
MS / MPhil,Semester 1 - 6,Data Analytics
MS / MPhil,Semester 1 - 6,Artificial Intelligence & Robotics
MS / MPhil,Semester 1 - 6,Renewable Energy
MS / MPhil,Semester 1 - 6,Energy Studies
MS / MPhil,Semester 1 - 6,Climate Change
MS / MPhil,Semester 1 - 6,Biotechnology & Genetic Engineering
MS / MPhil,Semester 1 - 6,Molecular Biology
MS / MPhil,Semester 1 - 6,Genetics
MS / MPhil,Semester 1 - 6,Bioinformatics
MS / MPhil,Semester 1 - 6,Neuroscience
MS / MPhil,Semester 1 - 6,Nanotechnology
MS / MPhil,Semester 1 - 6,Materials Science
MS / MPhil,Semester 1 - 6,Computational Physics
MS / MPhil,Semester 1 - 6,Computational Mathematics
MS / MPhil,Semester 1 - 6,Computational Biology
MS / MPhil,Semester 1 - 6,Remote Sensing & GIS
MS / MPhil,Semester 1 - 6,Tourism & Hospitality Management
MS / MPhil,Semester 1 - 6,International Business
MS / MPhil,Semester 1 - 6,Project Management
MS / MPhil,Semester 1 - 6,Operations Management
MS / MPhil,Semester 1 - 6,Organizational Psychology
MS / MPhil,Semester 1 - 6,Organizational Behavior
MS / MPhil,Semester 1 - 6,Leadership & Management
Teaching of Holy Quran,Teaching of Holy Quran,Nazra Quran
Teaching of Holy Quran,Teaching of Holy Quran,Hifzul Quran
Teaching of Holy Quran,Teaching of Holy Quran,Translation of Quran
Sports & Games,Sports & Games,Chess
Sports & Games,Sports & Games,Ludo
Sports & Games,Sports & Games,Carrom
Sports & Games,Sports & Games,Scrabble
Sports & Games,Sports & Games,Rubik's Cube
Sports & Games,Sports & Games,Darts
Sports & Games,Sports & Games,Table Tennis
Sports & Games,Sports & Games,Badminton
Sports & Games,Sports & Games,Basketball Skills
Sports & Games,Sports & Games,Football Skills
Sports & Games,Sports & Games,Cricket Skills
Sports & Games,Sports & Games,Tennis Skills
Sports & Games,Sports & Games,Hockey Skills
Sports & Games,Sports & Games,Futsal Skills
Sports & Games,Sports & Games,Volleyball Skills
Sports & Games,Sports & Games,Athletics
Sports & Games,Sports & Games,Running
Sports & Games,Sports & Games,Fitness Training
Sports & Games,Sports & Games,Physical Fitness
Sports & Games,Sports & Games,Yoga
Sports & Games,Sports & Games,Gymnastics
Sports & Games,Sports & Games,Skipping
Sports & Games,Sports & Games,Cycling
Sports & Games,Sports & Games,Roller Skating
Sports & Games,Sports & Games,Skating
Sports & Games,Sports & Games,Karate
Sports & Games,Sports & Games,Taekwondo
Sports & Games,Sports & Games,Judo
Sports & Games,Sports & Games,Martial Arts
Sports & Games,Sports & Games,Self-Defense
Sports & Games,Sports & Games,Boxing Fitness
Sports & Games,Sports & Games,Wrestling
Sports & Games,Sports & Games,Archery
Sports & Games,Sports & Games,Dance
Sports & Games,Sports & Games,Ballet
Sports & Games,Sports & Games,Swimming Theory & Dry Training
Sports & Games,Sports & Games,Sports Skills Development
Sports & Games,Sports & Games,Motor Skills Development
Sports & Games,Sports & Games,Coordination Training
Sports & Games,Sports & Games,Balance Training
Sports & Games,Sports & Games,Agility Training
Sports & Games,Sports & Games,Speed & Reaction Training
Sports & Games,Sports & Games,Strength & Conditioning
Sports & Games,Sports & Games,Endurance Training
Sports & Games,Sports & Games,Sports Fitness
Sports & Games,Sports & Games,Sports Psychology
Sports & Games,Sports & Games,Sports Strategy & Tactics
Sports & Games,Sports & Games,Referee & Rules Training
Sports & Games,Sports & Games,E-Sports
Sports & Games,Sports & Games,Gaming Skills
Sports & Games,Sports & Games,Mind Games
Sports & Games,Sports & Games,Board Games
IB,PYP,Language
IB,PYP,Social Studies
IB,PYP,Mathematics
IB,PYP,Science
IB,PYP,Arts
IB,PYP,"Personal, Social & Physical Education"
IB,PYP,Language & Literature
IB,PYP,Language Acquisition
IB,PYP,Individuals & Societies
IB,PYP,Sciences
IB,PYP,Physical & Health Education
IB,PYP,Design
IB,PYP,Language A: Literature
IB,PYP,Language A: Language & Literature
IB,PYP,Literature & Performance
IB,PYP,Language B
IB,PYP,Language ab initio
IB,PYP,Classical Languages
IB,PYP,Business Management
IB,PYP,Digital Society
IB,PYP,Economics
IB,PYP,Geography
IB,PYP,Global Politics
IB,PYP,History
IB,PYP,Philosophy
IB,PYP,Psychology
IB,PYP,Social & Cultural Anthropology
IB,PYP,World Religions
IB,PYP,Biology
IB,PYP,Chemistry
IB,PYP,Computer Science
IB,PYP,Design Technology
IB,PYP,Environmental Systems & Societies
IB,PYP,Physics
IB,PYP,"Sports, Exercise & Health Science"
IB,PYP,Mathematics: Analysis & Approaches
IB,PYP,Mathematics: Applications & Interpretation
IB,PYP,Dance
IB,PYP,Film
IB,PYP,Music
IB,PYP,Theatre
IB,PYP,Visual Arts
IB,PYP,Theory of Knowledge
IB,PYP,Extended Essay
IB,PYP,"Creativity, Activity, Service"
IB,MYP,Language
IB,MYP,Social Studies
IB,MYP,Mathematics
IB,MYP,Science
IB,MYP,Arts
IB,MYP,"Personal, Social & Physical Education"
IB,MYP,Language & Literature
IB,MYP,Language Acquisition
IB,MYP,Individuals & Societies
IB,MYP,Sciences
IB,MYP,Physical & Health Education
IB,MYP,Design
IB,MYP,Language A: Literature
IB,MYP,Language A: Language & Literature
IB,MYP,Literature & Performance
IB,MYP,Language B
IB,MYP,Language ab initio
IB,MYP,Classical Languages
IB,MYP,Business Management
IB,MYP,Digital Society
IB,MYP,Economics
IB,MYP,Geography
IB,MYP,Global Politics
IB,MYP,History
IB,MYP,Philosophy
IB,MYP,Psychology
IB,MYP,Social & Cultural Anthropology
IB,MYP,World Religions
IB,MYP,Biology
IB,MYP,Chemistry
IB,MYP,Computer Science
IB,MYP,Design Technology
IB,MYP,Environmental Systems & Societies
IB,MYP,Physics
IB,MYP,"Sports, Exercise & Health Science"
IB,MYP,Mathematics: Analysis & Approaches
IB,MYP,Mathematics: Applications & Interpretation
IB,MYP,Dance
IB,MYP,Film
IB,MYP,Music
IB,MYP,Theatre
IB,MYP,Visual Arts
IB,MYP,Theory of Knowledge
IB,MYP,Extended Essay
IB,MYP,"Creativity, Activity, Service"
IB,Diploma,Language
IB,Diploma,Social Studies
IB,Diploma,Mathematics
IB,Diploma,Science
IB,Diploma,Arts
IB,Diploma,"Personal, Social & Physical Education"
IB,Diploma,Language & Literature
IB,Diploma,Language Acquisition
IB,Diploma,Individuals & Societies
IB,Diploma,Sciences
IB,Diploma,Physical & Health Education
IB,Diploma,Design
IB,Diploma,Language A: Literature
IB,Diploma,Language A: Language & Literature
IB,Diploma,Literature & Performance
IB,Diploma,Language B
IB,Diploma,Language ab initio
IB,Diploma,Classical Languages
IB,Diploma,Business Management
IB,Diploma,Digital Society
IB,Diploma,Economics
IB,Diploma,Geography
IB,Diploma,Global Politics
IB,Diploma,History
IB,Diploma,Philosophy
IB,Diploma,Psychology
IB,Diploma,Social & Cultural Anthropology
IB,Diploma,World Religions
IB,Diploma,Biology
IB,Diploma,Chemistry
IB,Diploma,Computer Science
IB,Diploma,Design Technology
IB,Diploma,Environmental Systems & Societies
IB,Diploma,Physics
IB,Diploma,"Sports, Exercise & Health Science"
IB,Diploma,Mathematics: Analysis & Approaches
IB,Diploma,Mathematics: Applications & Interpretation
IB,Diploma,Dance
IB,Diploma,Film
IB,Diploma,Music
IB,Diploma,Theatre
IB,Diploma,Visual Arts
IB,Diploma,Theory of Knowledge
IB,Diploma,Extended Essay
IB,Diploma,"Creativity, Activity, Service"
