category_slug,level_slug,subject_slug,leaf_type
pre-primary-pre-school,pre-primary-pre-school-pre-nursery-play-group-kg-i,english,subject
pre-primary-pre-school,pre-primary-pre-school-pre-nursery-play-group-kg-i,urdu,subject
pre-primary-pre-school,pre-primary-pre-school-pre-nursery-play-group-kg-i,mathematics,subject
pre-primary-pre-school,pre-primary-pre-school-pre-nursery-play-group-kg-i,phonics,subject
pre-primary-pre-school,pre-primary-pre-school-pre-nursery-play-group-kg-i,pre-reading,subject
pre-primary-pre-school,pre-primary-pre-school-pre-nursery-play-group-kg-i,pre-writing,subject
pre-primary-pre-school,pre-primary-pre-school-pre-nursery-play-group-kg-i,vocabulary,subject
pre-primary-pre-school,pre-primary-pre-school-pre-nursery-play-group-kg-i,communication-skills,subject
pre-primary-pre-school,pre-primary-pre-school-pre-nursery-play-group-kg-i,general-knowledge,subject
pre-primary-pre-school,pre-primary-pre-school-pre-nursery-play-group-kg-i,world-around-us,subject
pre-primary-pre-school,pre-primary-pre-school-pre-nursery-play-group-kg-i,science,subject
pre-primary-pre-school,pre-primary-pre-school-pre-nursery-play-group-kg-i,environmental-awareness,subject
pre-primary-pre-school,pre-primary-pre-school-pre-nursery-play-group-kg-i,islamic-studies-islamiat,subject
pre-primary-pre-school,pre-primary-pre-school-pre-nursery-play-group-kg-i,nazra-quran,subject
pre-primary-pre-school,pre-primary-pre-school-pre-nursery-play-group-kg-i,quran-studies,subject
pre-primary-pre-school,pre-primary-pre-school-pre-nursery-play-group-kg-i,mother-tongue-regional-language,subject
pre-primary-pre-school,pre-primary-pre-school-pre-nursery-play-group-kg-i,health-and-hygiene,subject
pre-primary-pre-school,pre-primary-pre-school-pre-nursery-play-group-kg-i,safety-education,subject
pre-primary-pre-school,pre-primary-pre-school-pre-nursery-play-group-kg-i,social-and-emotional-development,subject
pre-primary-pre-school,pre-primary-pre-school-pre-nursery-play-group-kg-i,moral-and-character-education,subject
pre-primary-pre-school,pre-primary-pre-school-pre-nursery-play-group-kg-i,computer-skills,subject
pre-primary-pre-school,pre-primary-pre-school-pre-nursery-play-group-kg-i,digital-literacy,subject
pre-primary-pre-school,pre-primary-pre-school-pre-nursery-play-group-kg-i,stem,subject
pre-primary-pre-school,pre-primary-pre-school-pre-nursery-play-group-kg-i,coding,subject
pre-primary-pre-school,pre-primary-pre-school-pre-nursery-play-group-kg-i,robotics,subject
pre-primary-pre-school,pre-primary-pre-school-pre-nursery-play-group-kg-i,art-and-drawing,subject
pre-primary-pre-school,pre-primary-pre-school-pre-nursery-play-group-kg-i,creative-arts,subject
pre-primary-pre-school,pre-primary-pre-school-pre-nursery-play-group-kg-i,craft,subject
pre-primary-pre-school,pre-primary-pre-school-pre-nursery-play-group-kg-i,music,subject
pre-primary-pre-school,pre-primary-pre-school-pre-nursery-play-group-kg-i,rhymes-and-action-songs,subject
pre-primary-pre-school,pre-primary-pre-school-pre-nursery-play-group-kg-i,drama-and-role-play,subject
pre-primary-pre-school,pre-primary-pre-school-pre-nursery-play-group-kg-i,physical-education,subject
pre-primary-pre-school,pre-primary-pre-school-pre-nursery-play-group-kg-i,gross-motor-skills,subject
pre-primary-pre-school,pre-primary-pre-school-pre-nursery-play-group-kg-i,fine-motor-skills,subject
pre-primary-pre-school,pre-primary-pre-school-pre-nursery-play-group-kg-i,practical-life-skills,subject
pre-primary-pre-school,pre-primary-pre-school-pre-nursery-play-group-kg-i,life-skills,subject
pre-primary-pre-school,pre-primary-pre-school-pre-nursery-play-group-kg-i,montessori-activities,subject
pre-primary-pre-school,pre-primary-pre-school-pre-nursery-play-group-kg-i,sensory-learning,subject
pre-primary-pre-school,pre-primary-pre-school-pre-nursery-play-group-kg-i,play-based-learning,subject
pre-primary-pre-school,pre-primary-pre-school-pre-nursery-play-group-kg-i,gardening,subject
pre-primary-pre-school,pre-primary-pre-school-pre-nursery-play-group-kg-i,nature-study,subject
pre-primary-pre-school,pre-primary-pre-school-pre-nursery-play-group-kg-i,social-skills,subject
pre-primary-pre-school,pre-primary-pre-school-pre-nursery-play-group-kg-i,independence-skills,subject
pre-primary-pre-school,pre-primary-pre-school-pre-nursery-play-group-kg-i,school-readiness,subject
pre-primary-pre-school,pre-primary-pre-school-pre-nursery-play-group-kg-i,handwriting-readiness,subject
pre-primary-pre-school,pre-primary-pre-school-pre-nursery-play-group-kg-i,creative-writing,subject
pre-primary-pre-school,pre-primary-pre-school-pre-nursery-play-group-kg-i,public-speaking,subject
pre-primary-pre-school,pre-primary-pre-school-pre-nursery-play-group-kg-i,confidence-building,subject
primary,primary-grade-1-to-5,english,subject
primary,primary-grade-1-to-5,urdu,subject
primary,primary-grade-1-to-5,mathematics,subject
primary,primary-grade-1-to-5,general-science,subject
primary,primary-grade-1-to-5,general-knowledge,subject
primary,primary-grade-1-to-5,social-studies,subject
primary,primary-grade-1-to-5,islamiat-islamic-studies,subject
primary,primary-grade-1-to-5,quran-studies,subject
primary,primary-grade-1-to-5,nazra-quran,subject
primary,primary-grade-1-to-5,quran-translation,subject
primary,primary-grade-1-to-5,ethics-religious-education,subject
primary,primary-grade-1-to-5,arabic,subject
primary,primary-grade-1-to-5,punjabi,subject
primary,primary-grade-1-to-5,sindhi,subject
primary,primary-grade-1-to-5,pashto,subject
primary,primary-grade-1-to-5,balochi,subject
primary,primary-grade-1-to-5,brahui,subject
primary,primary-grade-1-to-5,computer-science,subject
primary,primary-grade-1-to-5,information-technology-ict,subject
primary,primary-grade-1-to-5,digital-literacy,subject
primary,primary-grade-1-to-5,coding,subject
primary,primary-grade-1-to-5,programming,subject
primary,primary-grade-1-to-5,stem,subject
primary,primary-grade-1-to-5,robotics,subject
primary,primary-grade-1-to-5,artificial-intelligence,subject
primary,primary-grade-1-to-5,environmental-studies,subject
primary,primary-grade-1-to-5,art-and-drawing,subject
primary,primary-grade-1-to-5,fine-arts,subject
primary,primary-grade-1-to-5,craft,subject
primary,primary-grade-1-to-5,music,subject
primary,primary-grade-1-to-5,drama-and-performing-arts,subject
primary,primary-grade-1-to-5,physical-education,subject
primary,primary-grade-1-to-5,health-education,subject
primary,primary-grade-1-to-5,sports,subject
primary,primary-grade-1-to-5,life-skills,subject
primary,primary-grade-1-to-5,character-and-moral-education,subject
primary,primary-grade-1-to-5,personal-development,subject
primary,primary-grade-1-to-5,handwriting,subject
primary,primary-grade-1-to-5,reading,subject
primary,primary-grade-1-to-5,phonics,subject
primary,primary-grade-1-to-5,english-grammar,subject
primary,primary-grade-1-to-5,creative-writing,subject
primary,primary-grade-1-to-5,spelling,subject
primary,primary-grade-1-to-5,vocabulary,subject
primary,primary-grade-1-to-5,communication-skills,subject
primary,primary-grade-1-to-5,public-speaking,subject
primary,primary-grade-1-to-5,study-skills,subject
primary,primary-grade-1-to-5,financial-literacy,subject
primary,primary-grade-1-to-5,entrepreneurship,subject
primary,primary-grade-1-to-5,practical-skills,subject
primary,primary-grade-1-to-5,agriculture,subject
primary,primary-grade-1-to-5,gardening,subject
primary,primary-grade-1-to-5,home-economics,subject
primary,primary-grade-1-to-5,science-projects,subject
primary,primary-grade-1-to-5,maker-education,subject
primary,primary-grade-1-to-5,robotics-and-engineering,subject
primary,primary-grade-1-to-5,3d-design-and-printing,subject
middle-lower-secondary,middle-lower-secondary-grade-6-to-8,english,subject
middle-lower-secondary,middle-lower-secondary-grade-6-to-8,urdu,subject
middle-lower-secondary,middle-lower-secondary-grade-6-to-8,mathematics,subject
middle-lower-secondary,middle-lower-secondary-grade-6-to-8,general-science,subject
middle-lower-secondary,middle-lower-secondary-grade-6-to-8,computer-science,subject
middle-lower-secondary,middle-lower-secondary-grade-6-to-8,islamiat-islamic-studies,subject
middle-lower-secondary,middle-lower-secondary-grade-6-to-8,quran-studies-translation-of-holy-quran,subject
middle-lower-secondary,middle-lower-secondary-grade-6-to-8,ethics-religious-education,subject
middle-lower-secondary,middle-lower-secondary-grade-6-to-8,history,subject
middle-lower-secondary,middle-lower-secondary-grade-6-to-8,geography,subject
middle-lower-secondary,middle-lower-secondary-grade-6-to-8,social-studies,subject
middle-lower-secondary,middle-lower-secondary-grade-6-to-8,regional-language,subject
middle-lower-secondary,middle-lower-secondary-grade-6-to-8,arabic,subject
middle-lower-secondary,middle-lower-secondary-grade-6-to-8,persian,subject
middle-lower-secondary,middle-lower-secondary-grade-6-to-8,punjabi,subject
middle-lower-secondary,middle-lower-secondary-grade-6-to-8,sindhi,subject
middle-lower-secondary,middle-lower-secondary-grade-6-to-8,pashto,subject
middle-lower-secondary,middle-lower-secondary-grade-6-to-8,balochi,subject
middle-lower-secondary,middle-lower-secondary-grade-6-to-8,brahui,subject
middle-lower-secondary,middle-lower-secondary-grade-6-to-8,english-grammar,subject
middle-lower-secondary,middle-lower-secondary-grade-6-to-8,english-literature,subject
middle-lower-secondary,middle-lower-secondary-grade-6-to-8,creative-writing,subject
middle-lower-secondary,middle-lower-secondary-grade-6-to-8,communication-skills,subject
middle-lower-secondary,middle-lower-secondary-grade-6-to-8,general-knowledge,subject
middle-lower-secondary,middle-lower-secondary-grade-6-to-8,environmental-studies,subject
middle-lower-secondary,middle-lower-secondary-grade-6-to-8,environmental-education,subject
middle-lower-secondary,middle-lower-secondary-grade-6-to-8,health-and-physical-education,subject
middle-lower-secondary,middle-lower-secondary-grade-6-to-8,physical-education,subject
middle-lower-secondary,middle-lower-secondary-grade-6-to-8,art-and-drawing,subject
middle-lower-secondary,middle-lower-secondary-grade-6-to-8,fine-arts,subject
middle-lower-secondary,middle-lower-secondary-grade-6-to-8,home-economics,subject
middle-lower-secondary,middle-lower-secondary-grade-6-to-8,agriculture,subject
middle-lower-secondary,middle-lower-secondary-grade-6-to-8,technology,subject
middle-lower-secondary,middle-lower-secondary-grade-6-to-8,information-technology-ict,subject
middle-lower-secondary,middle-lower-secondary-grade-6-to-8,digital-literacy,subject
middle-lower-secondary,middle-lower-secondary-grade-6-to-8,coding,subject
middle-lower-secondary,middle-lower-secondary-grade-6-to-8,programming,subject
middle-lower-secondary,middle-lower-secondary-grade-6-to-8,stem,subject
middle-lower-secondary,middle-lower-secondary-grade-6-to-8,robotics,subject
middle-lower-secondary,middle-lower-secondary-grade-6-to-8,artificial-intelligence,subject
middle-lower-secondary,middle-lower-secondary-grade-6-to-8,electronics,subject
middle-lower-secondary,middle-lower-secondary-grade-6-to-8,science-projects,subject
middle-lower-secondary,middle-lower-secondary-grade-6-to-8,entrepreneurship,subject
middle-lower-secondary,middle-lower-secondary-grade-6-to-8,financial-literacy,subject
middle-lower-secondary,middle-lower-secondary-grade-6-to-8,life-skills,subject
middle-lower-secondary,middle-lower-secondary-grade-6-to-8,character-and-moral-education,subject
middle-lower-secondary,middle-lower-secondary-grade-6-to-8,personal-development,subject
middle-lower-secondary,middle-lower-secondary-grade-6-to-8,drama-and-performing-arts,subject
middle-lower-secondary,middle-lower-secondary-grade-6-to-8,music,subject
middle-lower-secondary,middle-lower-secondary-grade-6-to-8,craft,subject
middle-lower-secondary,middle-lower-secondary-grade-6-to-8,library-reading,subject
middle-lower-secondary,middle-lower-secondary-grade-6-to-8,study-skills,subject
middle-lower-secondary,middle-lower-secondary-grade-6-to-8,public-speaking,subject
middle-lower-secondary,middle-lower-secondary-grade-6-to-8,handwriting,subject
matriculation,matriculation-grade-9-and-10-arts,english,subject
matriculation,matriculation-grade-9-and-10-arts,urdu,subject
matriculation,matriculation-grade-9-and-10-arts,mathematics,subject
matriculation,matriculation-grade-9-and-10-arts,islamiyat-islamic-studies,subject
matriculation,matriculation-grade-9-and-10-arts,pakistan-studies,subject
matriculation,matriculation-grade-9-and-10-arts,general-science,subject
matriculation,matriculation-grade-9-and-10-arts,economics,subject
matriculation,matriculation-grade-9-and-10-arts,civics,subject
matriculation,matriculation-grade-9-and-10-arts,education,subject
matriculation,matriculation-grade-9-and-10-arts,history,subject
matriculation,matriculation-grade-9-and-10-arts,geography,subject
matriculation,matriculation-grade-9-and-10-arts,arabic,subject
matriculation,matriculation-grade-9-and-10-arts,persian,subject
matriculation,matriculation-grade-9-and-10-arts,punjabi,subject
matriculation,matriculation-grade-9-and-10-arts,home-economics,subject
matriculation,matriculation-grade-9-and-10-arts,fine-arts,subject
matriculation,matriculation-grade-9-and-10-arts,drawing,subject
matriculation,matriculation-grade-9-and-10-arts,computer-science,subject
matriculation,matriculation-grade-9-and-10-arts,information-technology,subject
matriculation,matriculation-grade-9-and-10-arts,physical-education,subject
matriculation,matriculation-grade-9-and-10-arts,health-and-physical-education,subject
matriculation,matriculation-grade-9-and-10-arts,punjabi-elective,subject
matriculation,matriculation-grade-9-and-10-arts,arabic-elective,subject
matriculation,matriculation-grade-9-and-10-arts,persian-elective,subject
matriculation,matriculation-grade-9-and-10-arts,civics-elective,subject
matriculation,matriculation-grade-9-and-10-arts,economics-elective,subject
matriculation,matriculation-grade-9-and-10-arts,education-elective,subject
matriculation,matriculation-grade-9-and-10-arts,history-elective,subject
matriculation,matriculation-grade-9-and-10-arts,geography-elective,subject
matriculation,matriculation-grade-9-and-10-arts,home-economics-elective,subject
matriculation,matriculation-grade-9-and-10-arts,fine-arts-elective,subject
matriculation,matriculation-grade-9-and-10-arts,computer-science-elective,subject
matriculation,matriculation-grade-9-and-10-arts,islamic-studies-elective,subject
matriculation,matriculation-grade-9-and-10-arts,additional-mathematics,subject
matriculation,matriculation-grade-9-and-10-science,english,subject
matriculation,matriculation-grade-9-and-10-science,urdu,subject
matriculation,matriculation-grade-9-and-10-science,mathematics,subject
matriculation,matriculation-grade-9-and-10-science,physics,subject
matriculation,matriculation-grade-9-and-10-science,chemistry,subject
matriculation,matriculation-grade-9-and-10-science,biology,subject
matriculation,matriculation-grade-9-and-10-science,computer-science,subject
matriculation,matriculation-grade-9-and-10-science,islamiyat-islamic-studies,subject
matriculation,matriculation-grade-9-and-10-science,pakistan-studies,subject
matriculation,matriculation-grade-9-and-10-science,general-science,subject
matriculation,matriculation-grade-9-and-10-science,translation-of-the-holy-quran,subject
matriculation,matriculation-grade-9-and-10-science,nazra-quran,subject
matriculation,matriculation-grade-9-and-10-science,quran-studies,subject
matriculation,matriculation-grade-9-and-10-science,arabic,subject
matriculation,matriculation-grade-9-and-10-science,punjabi,subject
matriculation,matriculation-grade-9-and-10-science,sindhi,subject
matriculation,matriculation-grade-9-and-10-science,pashto,subject
matriculation,matriculation-grade-9-and-10-science,balochi,subject
matriculation,matriculation-grade-9-and-10-science,ethics,subject
matriculation,matriculation-grade-9-and-10-science,religious-education,subject
matriculation,matriculation-grade-9-and-10-science,information-technology,subject
matriculation,matriculation-grade-9-and-10-science,ict,subject
matriculation,matriculation-grade-9-and-10-science,additional-mathematics,subject
matriculation,matriculation-grade-9-and-10-science,general-mathematics,subject
igcse,igcse-igcse-core,english,subject
igcse,igcse-igcse-core,mathematics,subject
igcse,igcse-igcse-core,biology,subject
igcse,igcse-igcse-core,chemistry,subject
igcse,igcse-igcse-core,physics,subject
igcse,igcse-igcse-core,combined-science,subject
igcse,igcse-igcse-core,co-ordinated-sciences,subject
igcse,igcse-igcse-core,computer-science,subject
igcse,igcse-igcse-core,ict,subject
igcse,igcse-igcse-core,pakistan-studies,subject
igcse,igcse-igcse-core,islamiyat,subject
igcse,igcse-igcse-core,urdu,subject
igcse,igcse-igcse-core,accounting,subject
igcse,igcse-igcse-core,business-studies,subject
igcse,igcse-igcse-core,economics,subject
igcse,igcse-igcse-core,geography,subject
igcse,igcse-igcse-core,history,subject
igcse,igcse-igcse-core,sociology,subject
igcse,igcse-igcse-core,environmental-management,subject
igcse,igcse-igcse-core,art-and-design,subject
igcse,igcse-igcse-core,design-and-technology,subject
igcse,igcse-igcse-core,physical-education,subject
igcse,igcse-igcse-core,literature-in-english,subject
igcse,igcse-igcse-core,global-perspectives,subject
igcse,igcse-igcse-core,arabic,subject
igcse,igcse-o-levels,english-language,subject
igcse,igcse-o-levels,literature-in-english,subject
igcse,igcse-o-levels,mathematics,subject
igcse,igcse-o-levels,additional-mathematics,subject
igcse,igcse-o-levels,biology,subject
igcse,igcse-o-levels,chemistry,subject
igcse,igcse-o-levels,physics,subject
igcse,igcse-o-levels,combined-science,subject
igcse,igcse-o-levels,environmental-management,subject
igcse,igcse-o-levels,accounting,subject
igcse,igcse-o-levels,business-studies,subject
igcse,igcse-o-levels,economics,subject
igcse,igcse-o-levels,commerce,subject
igcse,igcse-o-levels,computer-science,subject
igcse,igcse-o-levels,statistics,subject
igcse,igcse-o-levels,geography,subject
igcse,igcse-o-levels,history,subject
igcse,igcse-o-levels,sociology,subject
igcse,igcse-o-levels,global-perspectives,subject
igcse,igcse-o-levels,pakistan-studies,subject
igcse,igcse-o-levels,islamiyat,subject
igcse,igcse-o-levels,islamic-studies,subject
igcse,igcse-o-levels,arabic,subject
igcse,igcse-o-levels,urdu-as-a-first-language,subject
igcse,igcse-o-levels,urdu-as-a-second-language,subject
igcse,igcse-o-levels,art-and-design,subject
igcse,igcse-o-levels,food-and-nutrition,subject
igcse,igcse-o-levels,fashion-and-textiles,subject
igcse,igcse-o-levels,travel-and-tourism,subject
igcse,igcse-o-levels,physical-education,subject
igcse,igcse-o-levels,agriculture,subject
igcse,igcse-o-levels,bangladesh-studies,subject
igcse,igcse-o-levels,bengali,subject
igcse,igcse-o-levels,sinhala,subject
igcse,igcse-o-levels,tamil,subject
igcse,igcse-o-levels,biblical-studies,subject
igcse,igcse-as-and-a-levels,accounting,subject
igcse,igcse-as-and-a-levels,arabic,subject
igcse,igcse-as-and-a-levels,art-and-design,subject
igcse,igcse-as-and-a-levels,biblical-studies,subject
igcse,igcse-as-and-a-levels,biology,subject
igcse,igcse-as-and-a-levels,business,subject
igcse,igcse-as-and-a-levels,chemistry,subject
igcse,igcse-as-and-a-levels,chinese-language,subject
igcse,igcse-as-and-a-levels,chinese-language-and-literature,subject
igcse,igcse-as-and-a-levels,classical-studies,subject
igcse,igcse-as-and-a-levels,computer-science,subject
igcse,igcse-as-and-a-levels,design-and-technology,subject
igcse,igcse-as-and-a-levels,digital-media-and-design,subject
igcse,igcse-as-and-a-levels,drama,subject
igcse,igcse-as-and-a-levels,economics,subject
igcse,igcse-as-and-a-levels,english-language,subject
igcse,igcse-as-and-a-levels,english-language-and-literature,subject
igcse,igcse-as-and-a-levels,english-literature,subject
igcse,igcse-as-and-a-levels,english-general-paper,subject
igcse,igcse-as-and-a-levels,environmental-management,subject
igcse,igcse-as-and-a-levels,european-history,subject
igcse,igcse-as-and-a-levels,french-language,subject
igcse,igcse-as-and-a-levels,french-language-and-literature,subject
igcse,igcse-as-and-a-levels,geography,subject
igcse,igcse-as-and-a-levels,german-language,subject
igcse,igcse-as-and-a-levels,german-language-and-literature,subject
igcse,igcse-as-and-a-levels,global-perspectives-and-research,subject
igcse,igcse-as-and-a-levels,history,subject
igcse,igcse-as-and-a-levels,hinduism,subject
igcse,igcse-as-and-a-levels,information-technology,subject
igcse,igcse-as-and-a-levels,international-history,subject
igcse,igcse-as-and-a-levels,islamic-studies,subject
igcse,igcse-as-and-a-levels,law,subject
igcse,igcse-as-and-a-levels,marine-science,subject
igcse,igcse-as-and-a-levels,mathematics,subject
igcse,igcse-as-and-a-levels,further-mathematics,subject
igcse,igcse-as-and-a-levels,media-studies,subject
igcse,igcse-as-and-a-levels,music,subject
igcse,igcse-as-and-a-levels,physics,subject
igcse,igcse-as-and-a-levels,portuguese,subject
igcse,igcse-as-and-a-levels,psychology,subject
igcse,igcse-as-and-a-levels,sociology,subject
igcse,igcse-as-and-a-levels,spanish-language,subject
igcse,igcse-as-and-a-levels,spanish-language-and-literature,subject
igcse,igcse-as-and-a-levels,sport-and-physical-education,subject
igcse,igcse-as-and-a-levels,tamil,subject
igcse,igcse-as-and-a-levels,thinking-skills,subject
igcse,igcse-as-and-a-levels,travel-and-tourism,subject
igcse,igcse-as-and-a-levels,urdu,subject
igcse,igcse-as-and-a-levels,urdu-language-and-literature,subject
igcse,igcse-as-and-a-levels,urdu-pakistan,subject
igcse,igcse-as-and-a-levels,us-history,subject
igcse,igcse-as-and-a-levels,statistics,subject
igcse,igcse-as-and-a-levels,environmental-science,subject
igcse,igcse-as-and-a-levels,economics-and-business,subject
igcse,igcse-as-and-a-levels,pakistan-studies,subject
igcse,igcse-as-and-a-levels,religious-studies,subject
intermediate,intermediate-fa-part-i-and-part-ii,english,subject
intermediate,intermediate-fa-part-i-and-part-ii,urdu,subject
intermediate,intermediate-fa-part-i-and-part-ii,islamic-education-islamiat,subject
intermediate,intermediate-fa-part-i-and-part-ii,pakistan-studies,subject
intermediate,intermediate-fa-part-i-and-part-ii,translation-of-the-holy-quran,subject
intermediate,intermediate-fa-part-i-and-part-ii,ethics-religious-education,subject
intermediate,intermediate-fa-part-i-and-part-ii,history,subject
intermediate,intermediate-fa-part-i-and-part-ii,history-of-islam,subject
intermediate,intermediate-fa-part-i-and-part-ii,history-of-muslim-india,subject
intermediate,intermediate-fa-part-i-and-part-ii,history-of-pakistan,subject
intermediate,intermediate-fa-part-i-and-part-ii,history-of-the-modern-world,subject
intermediate,intermediate-fa-part-i-and-part-ii,economics,subject
intermediate,intermediate-fa-part-i-and-part-ii,geography,subject
intermediate,intermediate-fa-part-i-and-part-ii,civics,subject
intermediate,intermediate-fa-part-i-and-part-ii,philosophy,subject
intermediate,intermediate-fa-part-i-and-part-ii,psychology,subject
intermediate,intermediate-fa-part-i-and-part-ii,sociology,subject
intermediate,intermediate-fa-part-i-and-part-ii,statistics,subject
intermediate,intermediate-fa-part-i-and-part-ii,islamic-studies,subject
intermediate,intermediate-fa-part-i-and-part-ii,education,subject
intermediate,intermediate-fa-part-i-and-part-ii,home-economics,subject
intermediate,intermediate-fa-part-i-and-part-ii,outlines-of-home-economics,subject
intermediate,intermediate-fa-part-i-and-part-ii,fine-arts,subject
intermediate,intermediate-fa-part-i-and-part-ii,music,subject
intermediate,intermediate-fa-part-i-and-part-ii,arabic,subject
intermediate,intermediate-fa-part-i-and-part-ii,persian,subject
intermediate,intermediate-fa-part-i-and-part-ii,punjabi,subject
intermediate,intermediate-fa-part-i-and-part-ii,sindhi,subject
intermediate,intermediate-fa-part-i-and-part-ii,pashto,subject
intermediate,intermediate-fa-part-i-and-part-ii,saraiki,subject
intermediate,intermediate-fa-part-i-and-part-ii,urdu-advance,subject
intermediate,intermediate-fa-part-i-and-part-ii,english-elective,subject
intermediate,intermediate-fa-part-i-and-part-ii,french,subject
intermediate,intermediate-fa-part-i-and-part-ii,german,subject
intermediate,intermediate-fa-part-i-and-part-ii,health-and-physical-education,subject
intermediate,intermediate-fa-part-i-and-part-ii,military-science,subject
intermediate,intermediate-fa-part-i-and-part-ii,geology,subject
intermediate,intermediate-fa-part-i-and-part-ii,library-science,subject
intermediate,intermediate-fa-part-i-and-part-ii,computer-science,subject
intermediate,intermediate-fa-part-i-and-part-ii,computer-science-and-entrepreneurship,subject
intermediate,intermediate-fa-part-i-and-part-ii,mathematics,subject
intermediate,intermediate-fa-part-i-and-part-ii,agriculture,subject
intermediate,intermediate-fa-part-i-and-part-ii,nursing,subject
intermediate,intermediate-fa-part-i-and-part-ii,commercial-practices,subject
intermediate,intermediate-fa-part-i-and-part-ii,applied-art,subject
intermediate,intermediate-fa-part-i-and-part-ii,food-and-nutrition,subject
intermediate,intermediate-fa-part-i-and-part-ii,child-development-and-family-living,subject
intermediate,intermediate-fa-part-i-and-part-ii,clothing-and-textile,subject
intermediate,intermediate-fa-part-i-and-part-ii,entrepreneurship,subject
intermediate,intermediate-fa-part-i-and-part-ii,general-science,subject
intermediate,intermediate-fa-part-i-and-part-ii,information-technology-ict,subject
intermediate,intermediate-fa-part-i-and-part-ii,media-studies,subject
intermediate,intermediate-fa-part-i-and-part-ii,environmental-studies,subject
intermediate,intermediate-fsc-part-i-and-part-ii,english,subject
intermediate,intermediate-fsc-part-i-and-part-ii,urdu,subject
intermediate,intermediate-fsc-part-i-and-part-ii,islamiyat-islamic-studies,subject
intermediate,intermediate-fsc-part-i-and-part-ii,pakistan-studies,subject
intermediate,intermediate-fsc-part-i-and-part-ii,translation-of-the-holy-quran,subject
intermediate,intermediate-fsc-part-i-and-part-ii,ethics-religious-education,subject
intermediate,intermediate-fsc-part-i-and-part-ii,physics,subject
intermediate,intermediate-fsc-part-i-and-part-ii,chemistry,subject
intermediate,intermediate-fsc-part-i-and-part-ii,biology,subject
intermediate,intermediate-fsc-part-i-and-part-ii,mathematics,subject
intermediate,intermediate-fsc-part-i-and-part-ii,statistics,subject
intermediate,intermediate-fsc-part-i-and-part-ii,economics,subject
intermediate,intermediate-fsc-part-i-and-part-ii,computer-science,subject
intermediate,intermediate-fsc-part-i-and-part-ii,computer-science-and-entrepreneurship,subject
intermediate,intermediate-fsc-part-i-and-part-ii,general-science,subject
intermediate,intermediate-fsc-part-i-and-part-ii,information-technology-ict,subject
intermediate,intermediate-fsc-part-i-and-part-ii,environmental-science,subject
intermediate,intermediate-fsc-part-i-and-part-ii,geology,subject
intermediate,intermediate-fsc-part-i-and-part-ii,agriculture,subject
intermediate,intermediate-fsc-part-i-and-part-ii,health-and-physical-education,subject
intermediate,intermediate-fsc-part-i-and-part-ii,physical-education,subject
intermediate,intermediate-fsc-part-i-and-part-ii,library-science,subject
adp-2-years,adp-2-years-all,english,subject
adp-2-years,adp-2-years-all,urdu,subject
adp-2-years,adp-2-years-all,pakistan-studies,subject
adp-2-years,adp-2-years-all,islamiyat-islamic-studies,subject
adp-2-years,adp-2-years-all,translation-of-the-holy-quran,subject
adp-2-years,adp-2-years-all,ethics-religious-education,subject
adp-2-years,adp-2-years-all,mathematics,subject
adp-2-years,adp-2-years-all,statistics,subject
adp-2-years,adp-2-years-all,computer-science,subject
adp-2-years,adp-2-years-all,information-technology-ict,subject
adp-2-years,adp-2-years-all,physics,subject
adp-2-years,adp-2-years-all,chemistry,subject
adp-2-years,adp-2-years-all,biology,subject
adp-2-years,adp-2-years-all,economics,subject
adp-2-years,adp-2-years-all,accounting,subject
adp-2-years,adp-2-years-all,finance,subject
adp-2-years,adp-2-years-all,business-studies,subject
adp-2-years,adp-2-years-all,management,subject
adp-2-years,adp-2-years-all,marketing,subject
adp-2-years,adp-2-years-all,human-resource-management,subject
adp-2-years,adp-2-years-all,entrepreneurship,subject
adp-2-years,adp-2-years-all,commerce,subject
adp-2-years,adp-2-years-all,education,subject
adp-2-years,adp-2-years-all,psychology,subject
adp-2-years,adp-2-years-all,sociology,subject
adp-2-years,adp-2-years-all,political-science,subject
adp-2-years,adp-2-years-all,international-relations,subject
adp-2-years,adp-2-years-all,history,subject
adp-2-years,adp-2-years-all,geography,subject
adp-2-years,adp-2-years-all,english-literature,subject
adp-2-years,adp-2-years-all,english-language-and-linguistics,subject
adp-2-years,adp-2-years-all,arabic,subject
adp-2-years,adp-2-years-all,punjabi,subject
adp-2-years,adp-2-years-all,islamic-studies,subject
adp-2-years,adp-2-years-all,mass-communication,subject
adp-2-years,adp-2-years-all,journalism,subject
adp-2-years,adp-2-years-all,library-and-information-science,subject
adp-2-years,adp-2-years-all,social-work,subject
adp-2-years,adp-2-years-all,public-administration,subject
adp-2-years,adp-2-years-all,environmental-science,subject
adp-2-years,adp-2-years-all,physical-education,subject
adp-2-years,adp-2-years-all,fine-arts,subject
adp-2-years,adp-2-years-all,home-economics,subject
adp-2-years,adp-2-years-all,agriculture,subject
adp-2-years,adp-2-years-all,food-science-and-technology,subject
adp-2-years,adp-2-years-all,botany,subject
adp-2-years,adp-2-years-all,zoology,subject
adp-2-years,adp-2-years-all,microbiology,subject
adp-2-years,adp-2-years-all,biotechnology,subject
adp-2-years,adp-2-years-all,geology,subject
adp-2-years,adp-2-years-all,computer-programming,subject
adp-2-years,adp-2-years-all,database-management,subject
adp-2-years,adp-2-years-all,web-development,subject
adp-2-years,adp-2-years-all,graphic-design,subject
adp-2-years,adp-2-years-all,digital-marketing,subject
adp-2-years,adp-2-years-all,data-science,subject
adp-2-years,adp-2-years-all,artificial-intelligence,subject
adp-2-years,adp-2-years-all,cyber-security,subject
adp-2-years,adp-2-years-all,business-analytics,subject
adp-2-years,adp-2-years-all,supply-chain-management,subject
adp-2-years,adp-2-years-all,project-management,subject
adp-2-years,adp-2-years-all,banking-and-finance,subject
adp-2-years,adp-2-years-all,islamic-banking-and-finance,subject
adp-2-years,adp-2-years-all,tourism-and-hospitality-management,subject
adp-2-years,adp-2-years-all,special-education,subject
adp-2-years,adp-2-years-all,early-childhood-education,subject
adp-2-years,adp-2-years-all,public-health,subject
adp-2-years,adp-2-years-all,human-nutrition-and-dietetics,subject
bs-4-years,bs-4-years-semester-1-8,english,subject
bs-4-years,bs-4-years-semester-1-8,urdu,subject
bs-4-years,bs-4-years-semester-1-8,pakistan-studies,subject
bs-4-years,bs-4-years-semester-1-8,islamiyat-islamic-studies,subject
bs-4-years,bs-4-years-semester-1-8,translation-of-the-holy-quran,subject
bs-4-years,bs-4-years-semester-1-8,ethics-religious-education,subject
bs-4-years,bs-4-years-semester-1-8,mathematics,subject
bs-4-years,bs-4-years-semester-1-8,statistics,subject
bs-4-years,bs-4-years-semester-1-8,computer-science,subject
bs-4-years,bs-4-years-semester-1-8,information-technology,subject
bs-4-years,bs-4-years-semester-1-8,artificial-intelligence,subject
bs-4-years,bs-4-years-semester-1-8,data-science,subject
bs-4-years,bs-4-years-semester-1-8,cyber-security,subject
bs-4-years,bs-4-years-semester-1-8,software-engineering,subject
bs-4-years,bs-4-years-semester-1-8,information-systems,subject
bs-4-years,bs-4-years-semester-1-8,computer-engineering,subject
bs-4-years,bs-4-years-semester-1-8,electrical-engineering,subject
bs-4-years,bs-4-years-semester-1-8,electronics-engineering,subject
bs-4-years,bs-4-years-semester-1-8,mechanical-engineering,subject
bs-4-years,bs-4-years-semester-1-8,civil-engineering,subject
bs-4-years,bs-4-years-semester-1-8,chemical-engineering,subject
bs-4-years,bs-4-years-semester-1-8,biomedical-engineering,subject
bs-4-years,bs-4-years-semester-1-8,environmental-engineering,subject
bs-4-years,bs-4-years-semester-1-8,architecture,subject
bs-4-years,bs-4-years-semester-1-8,accounting,subject
bs-4-years,bs-4-years-semester-1-8,finance,subject
bs-4-years,bs-4-years-semester-1-8,banking-and-finance,subject
bs-4-years,bs-4-years-semester-1-8,business-administration,subject
bs-4-years,bs-4-years-semester-1-8,business-analytics,subject
bs-4-years,bs-4-years-semester-1-8,marketing,subject
bs-4-years,bs-4-years-semester-1-8,human-resource-management,subject
bs-4-years,bs-4-years-semester-1-8,entrepreneurship,subject
bs-4-years,bs-4-years-semester-1-8,supply-chain-management,subject
bs-4-years,bs-4-years-semester-1-8,project-management,subject
bs-4-years,bs-4-years-semester-1-8,economics,subject
bs-4-years,bs-4-years-semester-1-8,commerce,subject
bs-4-years,bs-4-years-semester-1-8,education,subject
bs-4-years,bs-4-years-semester-1-8,early-childhood-education,subject
bs-4-years,bs-4-years-semester-1-8,elementary-education,subject
bs-4-years,bs-4-years-semester-1-8,secondary-education,subject
bs-4-years,bs-4-years-semester-1-8,special-education,subject
bs-4-years,bs-4-years-semester-1-8,educational-leadership-and-management,subject
bs-4-years,bs-4-years-semester-1-8,psychology,subject
bs-4-years,bs-4-years-semester-1-8,applied-psychology,subject
bs-4-years,bs-4-years-semester-1-8,sociology,subject
bs-4-years,bs-4-years-semester-1-8,social-work,subject
bs-4-years,bs-4-years-semester-1-8,political-science,subject
bs-4-years,bs-4-years-semester-1-8,international-relations,subject
bs-4-years,bs-4-years-semester-1-8,public-administration,subject
bs-4-years,bs-4-years-semester-1-8,law,subject
bs-4-years,bs-4-years-semester-1-8,history,subject
bs-4-years,bs-4-years-semester-1-8,geography,subject
bs-4-years,bs-4-years-semester-1-8,islamic-studies,subject
bs-4-years,bs-4-years-semester-1-8,english-literature,subject
bs-4-years,bs-4-years-semester-1-8,english-language-and-linguistics,subject
bs-4-years,bs-4-years-semester-1-8,urdu-literature,subject
bs-4-years,bs-4-years-semester-1-8,arabic,subject
bs-4-years,bs-4-years-semester-1-8,punjabi,subject
bs-4-years,bs-4-years-semester-1-8,persian,subject
bs-4-years,bs-4-years-semester-1-8,mass-communication,subject
bs-4-years,bs-4-years-semester-1-8,journalism,subject
bs-4-years,bs-4-years-semester-1-8,media-studies,subject
bs-4-years,bs-4-years-semester-1-8,development-studies,subject
bs-4-years,bs-4-years-semester-1-8,peace-and-conflict-studies,subject
bs-4-years,bs-4-years-semester-1-8,environmental-science,subject
bs-4-years,bs-4-years-semester-1-8,environmental-studies,subject
bs-4-years,bs-4-years-semester-1-8,biology,subject
bs-4-years,bs-4-years-semester-1-8,botany,subject
bs-4-years,bs-4-years-semester-1-8,zoology,subject
bs-4-years,bs-4-years-semester-1-8,microbiology,subject
bs-4-years,bs-4-years-semester-1-8,biotechnology,subject
bs-4-years,bs-4-years-semester-1-8,biochemistry,subject
bs-4-years,bs-4-years-semester-1-8,chemistry,subject
bs-4-years,bs-4-years-semester-1-8,physics,subject
bs-4-years,bs-4-years-semester-1-8,applied-mathematics,subject
bs-4-years,bs-4-years-semester-1-8,geology,subject
bs-4-years,bs-4-years-semester-1-8,agriculture,subject
bs-4-years,bs-4-years-semester-1-8,agronomy,subject
bs-4-years,bs-4-years-semester-1-8,horticulture,subject
bs-4-years,bs-4-years-semester-1-8,food-science-and-technology,subject
bs-4-years,bs-4-years-semester-1-8,food-and-nutrition,subject
bs-4-years,bs-4-years-semester-1-8,human-nutrition-and-dietetics,subject
bs-4-years,bs-4-years-semester-1-8,public-health,subject
bs-4-years,bs-4-years-semester-1-8,pharmacy,subject
bs-4-years,bs-4-years-semester-1-8,nursing,subject
bs-4-years,bs-4-years-semester-1-8,allied-health-sciences,subject
bs-4-years,bs-4-years-semester-1-8,medical-laboratory-technology,subject
bs-4-years,bs-4-years-semester-1-8,physiotherapy,subject
bs-4-years,bs-4-years-semester-1-8,physical-education,subject
bs-4-years,bs-4-years-semester-1-8,sports-sciences,subject
bs-4-years,bs-4-years-semester-1-8,fine-arts,subject
bs-4-years,bs-4-years-semester-1-8,visual-arts,subject
bs-4-years,bs-4-years-semester-1-8,graphic-design,subject
bs-4-years,bs-4-years-semester-1-8,fashion-design,subject
bs-4-years,bs-4-years-semester-1-8,textile-design,subject
bs-4-years,bs-4-years-semester-1-8,interior-design,subject
bs-4-years,bs-4-years-semester-1-8,design-and-technology,subject
bs-4-years,bs-4-years-semester-1-8,tourism-and-hospitality-management,subject
bs-4-years,bs-4-years-semester-1-8,hotel-management,subject
bs-4-years,bs-4-years-semester-1-8,aviation-management,subject
bs-4-years,bs-4-years-semester-1-8,library-and-information-science,subject
bs-4-years,bs-4-years-semester-1-8,environmental-management,subject
bs-4-years,bs-4-years-semester-1-8,media-and-communication,subject
bs-4-years,bs-4-years-semester-1-8,film-and-television,subject
bs-4-years,bs-4-years-semester-1-8,theatre-and-performing-arts,subject
bs-4-years,bs-4-years-semester-1-8,music,subject
bs-4-years,bs-4-years-semester-1-8,islamic-banking-and-finance,subject
bs-4-years,bs-4-years-semester-1-8,islamic-economics,subject
bs-4-years,bs-4-years-semester-1-8,actuarial-science,subject
bs-4-years,bs-4-years-semester-1-8,operations-research,subject
bs-4-years,bs-4-years-semester-1-8,artificial-intelligence-and-robotics,subject
bs-4-years,bs-4-years-semester-1-8,blockchain-technology,subject
bs-4-years,bs-4-years-semester-1-8,cloud-computing,subject
bs-4-years,bs-4-years-semester-1-8,web-development,subject
bs-4-years,bs-4-years-semester-1-8,mobile-application-development,subject
bs-4-years,bs-4-years-semester-1-8,game-development,subject
bs-4-years,bs-4-years-semester-1-8,digital-marketing,subject
bs-4-years,bs-4-years-semester-1-8,e-commerce,subject
bs-4-years,bs-4-years-semester-1-8,fintech,subject
bs-4-years,bs-4-years-semester-1-8,renewable-energy,subject
bs-4-years,bs-4-years-semester-1-8,energy-engineering,subject
bs-4-years,bs-4-years-semester-1-8,telecommunication-engineering,subject
bs-4-years,bs-4-years-semester-1-8,mechatronics-engineering,subject
bs-4-years,bs-4-years-semester-1-8,robotics-engineering,subject
bs-4-years,bs-4-years-semester-1-8,,subject
test-preparations,test-preparations-gre-preparation,,subject
test-preparations,test-preparations-gmat-preparation,,subject
test-preparations,test-preparations-ielts-preparation,,subject
test-preparations,test-preparations-toefl-preparation,,subject
test-preparations,test-preparations-pte-academic-preparation,,subject
test-preparations,test-preparations-mdcat-preparation,,subject
test-preparations,test-preparations-ecat-preparation,,subject
test-preparations,test-preparations-net-preparation,,subject
test-preparations,test-preparations-fast-nu-admission-test-preparation,,subject
test-preparations,test-preparations-giki-admission-test-preparation,,subject
test-preparations,test-preparations-comsats-admission-test-preparation,,subject
test-preparations,test-preparations-lums-admission-test-preparation,,subject
test-preparations,test-preparations-nts-test-preparation,,subject
test-preparations,test-preparations-nat-preparation,,subject
test-preparations,test-preparations-gat-general-preparation,,subject
test-preparations,test-preparations-gat-subject-preparation,,subject
test-preparations,test-preparations-etea-test-preparation,,subject
test-preparations,test-preparations-ecat-engineering-entry-test-preparation,,subject
test-preparations,test-preparations-university-admission-test-preparation,,subject
test-preparations,test-preparations-medical-entry-test-preparation,,subject
test-preparations,test-preparations-engineering-entry-test-preparation,,subject
test-preparations,test-preparations-law-admission-test-lat-preparation,,subject
test-preparations,test-preparations-law-gat-preparation,,subject
test-preparations,test-preparations-css-preparation,,subject
test-preparations,test-preparations-pms-preparation,,subject
test-preparations,test-preparations-fpsc-test-preparation,,subject
test-preparations,test-preparations-ppsc-test-preparation,,subject
test-preparations,test-preparations-spsc-test-preparation,,subject
test-preparations,test-preparations-kppsc-test-preparation,,subject
test-preparations,test-preparations-bpsc-test-preparation,,subject
test-preparations,test-preparations-ajkpsc-test-preparation,,subject
test-preparations,test-preparations-nts-recruitment-test-preparation,,subject
test-preparations,test-preparations-fpsc-competitive-exam-preparation,,subject
test-preparations,test-preparations-police-recruitment-test-preparation,,subject
test-preparations,test-preparations-armed-forces-test-preparation,,subject
test-preparations,test-preparations-issb-preparation,,subject
test-preparations,test-preparations-pakistan-army-initial-test-preparation,,subject
test-preparations,test-preparations-pakistan-navy-test-preparation,,subject
test-preparations,test-preparations-pakistan-air-force-test-preparation,,subject
test-preparations,test-preparations-cadet-college-entry-test-preparation,,subject
test-preparations,test-preparations-military-college-entry-test-preparation,,subject
test-preparations,test-preparations-scholarship-test-preparation,,subject
test-preparations,test-preparations-school-admission-test-preparation,,subject
test-preparations,test-preparations-college-admission-test-preparation,,subject
test-preparations,test-preparations-university-entrance-test-preparation,,subject
test-preparations,test-preparations-english-proficiency-test-preparation,,subject
test-preparations,test-preparations-general-aptitude-test-preparation,,subject
test-preparations,test-preparations-verbal-reasoning,,subject
test-preparations,test-preparations-quantitative-reasoning,,subject
test-preparations,test-preparations-logical-reasoning,,subject
test-preparations,test-preparations-analytical-reasoning,,subject
test-preparations,test-preparations-non-verbal-reasoning,,subject
test-preparations,test-preparations-iq-test-preparation,,subject
test-preparations,test-preparations-general-knowledge-test-preparation,,subject
test-preparations,test-preparations-current-affairs-test-preparation,,subject
test-preparations,test-preparations-subject-specialist-test-preparation,,subject
test-preparations,test-preparations-teaching-recruitment-test-preparation,,subject
test-preparations,test-preparations-educator-test-preparation,,subject
test-preparations,test-preparations-banking-test-preparation,,subject
test-preparations,test-preparations-accounting-and-finance-test-preparation,,subject
test-preparations,test-preparations-computer-based-test-preparation,,subject
test-preparations,test-preparations-typing-test-preparation,,subject
test-preparations,test-preparations-driving-license-test-preparation,,subject
test-preparations,test-preparations-vocational-test-preparation,,subject
ms-mphil,ms-mphil-semester-1-6,english,subject
ms-mphil,ms-mphil-semester-1-6,english-literature,subject
ms-mphil,ms-mphil-semester-1-6,english-language-and-linguistics,subject
ms-mphil,ms-mphil-semester-1-6,urdu,subject
ms-mphil,ms-mphil-semester-1-6,punjabi,subject
ms-mphil,ms-mphil-semester-1-6,arabic,subject
ms-mphil,ms-mphil-semester-1-6,persian,subject
ms-mphil,ms-mphil-semester-1-6,islamic-studies,subject
ms-mphil,ms-mphil-semester-1-6,quranic-studies,subject
ms-mphil,ms-mphil-semester-1-6,hadith-studies,subject
ms-mphil,ms-mphil-semester-1-6,comparative-religion,subject
ms-mphil,ms-mphil-semester-1-6,education,subject
ms-mphil,ms-mphil-semester-1-6,educational-leadership-and-management,subject
ms-mphil,ms-mphil-semester-1-6,teacher-education,subject
ms-mphil,ms-mphil-semester-1-6,early-childhood-education,subject
ms-mphil,ms-mphil-semester-1-6,special-education,subject
ms-mphil,ms-mphil-semester-1-6,educational-psychology,subject
ms-mphil,ms-mphil-semester-1-6,curriculum-and-instruction,subject
ms-mphil,ms-mphil-semester-1-6,educational-technology,subject
ms-mphil,ms-mphil-semester-1-6,educational-planning-and-management,subject
ms-mphil,ms-mphil-semester-1-6,psychology,subject
ms-mphil,ms-mphil-semester-1-6,clinical-psychology,subject
ms-mphil,ms-mphil-semester-1-6,applied-psychology,subject
ms-mphil,ms-mphil-semester-1-6,sociology,subject
ms-mphil,ms-mphil-semester-1-6,social-work,subject
ms-mphil,ms-mphil-semester-1-6,political-science,subject
ms-mphil,ms-mphil-semester-1-6,international-relations,subject
ms-mphil,ms-mphil-semester-1-6,public-administration,subject
ms-mphil,ms-mphil-semester-1-6,history,subject
ms-mphil,ms-mphil-semester-1-6,geography,subject
ms-mphil,ms-mphil-semester-1-6,pakistan-studies,subject
ms-mphil,ms-mphil-semester-1-6,economics,subject
ms-mphil,ms-mphil-semester-1-6,commerce,subject
ms-mphil,ms-mphil-semester-1-6,business-administration,subject
ms-mphil,ms-mphil-semester-1-6,management-sciences,subject
ms-mphil,ms-mphil-semester-1-6,marketing,subject
ms-mphil,ms-mphil-semester-1-6,finance,subject
ms-mphil,ms-mphil-semester-1-6,accounting,subject
ms-mphil,ms-mphil-semester-1-6,human-resource-management,subject
ms-mphil,ms-mphil-semester-1-6,entrepreneurship,subject
ms-mphil,ms-mphil-semester-1-6,supply-chain-management,subject
ms-mphil,ms-mphil-semester-1-6,business-analytics,subject
ms-mphil,ms-mphil-semester-1-6,computer-science,subject
ms-mphil,ms-mphil-semester-1-6,information-technology,subject
ms-mphil,ms-mphil-semester-1-6,software-engineering,subject
ms-mphil,ms-mphil-semester-1-6,artificial-intelligence,subject
ms-mphil,ms-mphil-semester-1-6,data-science,subject
ms-mphil,ms-mphil-semester-1-6,cyber-security,subject
ms-mphil,ms-mphil-semester-1-6,information-systems,subject
ms-mphil,ms-mphil-semester-1-6,mathematics,subject
ms-mphil,ms-mphil-semester-1-6,applied-mathematics,subject
ms-mphil,ms-mphil-semester-1-6,statistics,subject
ms-mphil,ms-mphil-semester-1-6,physics,subject
ms-mphil,ms-mphil-semester-1-6,chemistry,subject
ms-mphil,ms-mphil-semester-1-6,biochemistry,subject
ms-mphil,ms-mphil-semester-1-6,biology,subject
ms-mphil,ms-mphil-semester-1-6,botany,subject
ms-mphil,ms-mphil-semester-1-6,zoology,subject
ms-mphil,ms-mphil-semester-1-6,microbiology,subject
ms-mphil,ms-mphil-semester-1-6,biotechnology,subject
ms-mphil,ms-mphil-semester-1-6,environmental-science,subject
ms-mphil,ms-mphil-semester-1-6,environmental-management,subject
ms-mphil,ms-mphil-semester-1-6,geology,subject
ms-mphil,ms-mphil-semester-1-6,food-science-and-technology,subject
ms-mphil,ms-mphil-semester-1-6,food-and-nutrition,subject
ms-mphil,ms-mphil-semester-1-6,human-nutrition-and-dietetics,subject
ms-mphil,ms-mphil-semester-1-6,agriculture,subject
ms-mphil,ms-mphil-semester-1-6,agronomy,subject
ms-mphil,ms-mphil-semester-1-6,horticulture,subject
ms-mphil,ms-mphil-semester-1-6,plant-sciences,subject
ms-mphil,ms-mphil-semester-1-6,animal-sciences,subject
ms-mphil,ms-mphil-semester-1-6,veterinary-sciences,subject
ms-mphil,ms-mphil-semester-1-6,public-health,subject
ms-mphil,ms-mphil-semester-1-6,epidemiology,subject
ms-mphil,ms-mphil-semester-1-6,pharmacy,subject
ms-mphil,ms-mphil-semester-1-6,pharmaceutical-sciences,subject
ms-mphil,ms-mphil-semester-1-6,pharmacology,subject
ms-mphil,ms-mphil-semester-1-6,medical-laboratory-sciences,subject
ms-mphil,ms-mphil-semester-1-6,physiotherapy,subject
ms-mphil,ms-mphil-semester-1-6,physical-education,subject
ms-mphil,ms-mphil-semester-1-6,sports-sciences,subject
ms-mphil,ms-mphil-semester-1-6,fine-arts,subject
ms-mphil,ms-mphil-semester-1-6,visual-arts,subject
ms-mphil,ms-mphil-semester-1-6,art-and-design,subject
ms-mphil,ms-mphil-semester-1-6,graphic-design,subject
ms-mphil,ms-mphil-semester-1-6,media-studies,subject
ms-mphil,ms-mphil-semester-1-6,mass-communication,subject
ms-mphil,ms-mphil-semester-1-6,journalism,subject
ms-mphil,ms-mphil-semester-1-6,film-and-television,subject
ms-mphil,ms-mphil-semester-1-6,library-and-information-science,subject
ms-mphil,ms-mphil-semester-1-6,development-studies,subject
ms-mphil,ms-mphil-semester-1-6,peace-and-conflict-studies,subject
ms-mphil,ms-mphil-semester-1-6,gender-studies,subject
ms-mphil,ms-mphil-semester-1-6,international-development,subject
ms-mphil,ms-mphil-semester-1-6,defence-and-strategic-studies,subject
ms-mphil,ms-mphil-semester-1-6,defence-studies,subject
ms-mphil,ms-mphil-semester-1-6,law,subject
ms-mphil,ms-mphil-semester-1-6,criminology,subject
ms-mphil,ms-mphil-semester-1-6,anthropology,subject
ms-mphil,ms-mphil-semester-1-6,archaeology,subject
ms-mphil,ms-mphil-semester-1-6,philosophy,subject
ms-mphil,ms-mphil-semester-1-6,economics-and-finance,subject
ms-mphil,ms-mphil-semester-1-6,islamic-economics,subject
ms-mphil,ms-mphil-semester-1-6,islamic-banking-and-finance,subject
ms-mphil,ms-mphil-semester-1-6,islamic-finance,subject
ms-mphil,ms-mphil-semester-1-6,actuarial-science,subject
ms-mphil,ms-mphil-semester-1-6,data-analytics,subject
ms-mphil,ms-mphil-semester-1-6,artificial-intelligence-and-robotics,subject
ms-mphil,ms-mphil-semester-1-6,renewable-energy,subject
ms-mphil,ms-mphil-semester-1-6,energy-studies,subject
ms-mphil,ms-mphil-semester-1-6,climate-change,subject
ms-mphil,ms-mphil-semester-1-6,biotechnology-and-genetic-engineering,subject
ms-mphil,ms-mphil-semester-1-6,molecular-biology,subject
ms-mphil,ms-mphil-semester-1-6,genetics,subject
ms-mphil,ms-mphil-semester-1-6,bioinformatics,subject
ms-mphil,ms-mphil-semester-1-6,neuroscience,subject
ms-mphil,ms-mphil-semester-1-6,nanotechnology,subject
ms-mphil,ms-mphil-semester-1-6,materials-science,subject
ms-mphil,ms-mphil-semester-1-6,computational-physics,subject
ms-mphil,ms-mphil-semester-1-6,computational-mathematics,subject
ms-mphil,ms-mphil-semester-1-6,computational-biology,subject
ms-mphil,ms-mphil-semester-1-6,remote-sensing-and-gis,subject
ms-mphil,ms-mphil-semester-1-6,tourism-and-hospitality-management,subject
ms-mphil,ms-mphil-semester-1-6,international-business,subject
ms-mphil,ms-mphil-semester-1-6,project-management,subject
ms-mphil,ms-mphil-semester-1-6,operations-management,subject
ms-mphil,ms-mphil-semester-1-6,organizational-psychology,subject
ms-mphil,ms-mphil-semester-1-6,organizational-behavior,subject
ms-mphil,ms-mphil-semester-1-6,leadership-and-management,subject
holy-quran,holy-quran-nazra-quran,,subject
holy-quran,holy-quran-hifzul-quran,,subject
holy-quran,holy-quran-translation-of-quran,,subject
sports-and-games,sports-and-games-chess,,subject
sports-and-games,sports-and-games-ludo,,subject
sports-and-games,sports-and-games-carrom,,subject
sports-and-games,sports-and-games-scrabble,,subject
sports-and-games,sports-and-games-rubik-s-cube,,subject
sports-and-games,sports-and-games-darts,,subject
sports-and-games,sports-and-games-table-tennis,,subject
sports-and-games,sports-and-games-badminton,,subject
sports-and-games,sports-and-games-basketball-skills,,subject
sports-and-games,sports-and-games-football-skills,,subject
sports-and-games,sports-and-games-cricket-skills,,subject
sports-and-games,sports-and-games-tennis-skills,,subject
sports-and-games,sports-and-games-hockey-skills,,subject
sports-and-games,sports-and-games-futsal-skills,,subject
sports-and-games,sports-and-games-volleyball-skills,,subject
sports-and-games,sports-and-games-athletics,,subject
sports-and-games,sports-and-games-running,,subject
sports-and-games,sports-and-games-fitness-training,,subject
sports-and-games,sports-and-games-physical-fitness,,subject
sports-and-games,sports-and-games-yoga,,subject
sports-and-games,sports-and-games-gymnastics,,subject
sports-and-games,sports-and-games-skipping,,subject
sports-and-games,sports-and-games-cycling,,subject
sports-and-games,sports-and-games-roller-skating,,subject
sports-and-games,sports-and-games-skating,,subject
sports-and-games,sports-and-games-karate,,subject
sports-and-games,sports-and-games-taekwondo,,subject
sports-and-games,sports-and-games-judo,,subject
sports-and-games,sports-and-games-martial-arts,,subject
sports-and-games,sports-and-games-self-defense,,subject
sports-and-games,sports-and-games-boxing-fitness,,subject
sports-and-games,sports-and-games-wrestling,,subject
sports-and-games,sports-and-games-archery,,subject
sports-and-games,sports-and-games-dance,,subject
sports-and-games,sports-and-games-ballet,,subject
sports-and-games,sports-and-games-swimming-theory-and-dry-training,,subject
sports-and-games,sports-and-games-sports-skills-development,,subject
sports-and-games,sports-and-games-motor-skills-development,,subject
sports-and-games,sports-and-games-coordination-training,,subject
sports-and-games,sports-and-games-balance-training,,subject
sports-and-games,sports-and-games-agility-training,,subject
sports-and-games,sports-and-games-speed-and-reaction-training,,subject
sports-and-games,sports-and-games-strength-and-conditioning,,subject
sports-and-games,sports-and-games-endurance-training,,subject
sports-and-games,sports-and-games-sports-fitness,,subject
sports-and-games,sports-and-games-sports-psychology,,subject
sports-and-games,sports-and-games-sports-strategy-and-tactics,,subject
sports-and-games,sports-and-games-referee-and-rules-training,,subject
sports-and-games,sports-and-games-e-sports,,subject
sports-and-games,sports-and-games-gaming-skills,,subject
sports-and-games,sports-and-games-mind-games,,subject
sports-and-games,sports-and-games-board-games,,subject
ib,ib-pyp-myp-and-diploma,language,subject
ib,ib-pyp-myp-and-diploma,social-studies,subject
ib,ib-pyp-myp-and-diploma,mathematics,subject
ib,ib-pyp-myp-and-diploma,science,subject
ib,ib-pyp-myp-and-diploma,arts,subject
ib,ib-pyp-myp-and-diploma,personal-social-and-physical-education,subject
ib,ib-pyp-myp-and-diploma,language-and-literature,subject
ib,ib-pyp-myp-and-diploma,language-acquisition,subject
ib,ib-pyp-myp-and-diploma,individuals-and-societies,subject
ib,ib-pyp-myp-and-diploma,sciences,subject
ib,ib-pyp-myp-and-diploma,physical-and-health-education,subject
ib,ib-pyp-myp-and-diploma,design,subject
ib,ib-pyp-myp-and-diploma,language-a-literature,subject
ib,ib-pyp-myp-and-diploma,language-a-language-and-literature,subject
ib,ib-pyp-myp-and-diploma,literature-and-performance,subject
ib,ib-pyp-myp-and-diploma,language-b,subject
ib,ib-pyp-myp-and-diploma,language-ab-initio,subject
ib,ib-pyp-myp-and-diploma,classical-languages,subject
ib,ib-pyp-myp-and-diploma,business-management,subject
ib,ib-pyp-myp-and-diploma,digital-society,subject
ib,ib-pyp-myp-and-diploma,economics,subject
ib,ib-pyp-myp-and-diploma,geography,subject
ib,ib-pyp-myp-and-diploma,global-politics,subject
ib,ib-pyp-myp-and-diploma,history,subject
ib,ib-pyp-myp-and-diploma,philosophy,subject
ib,ib-pyp-myp-and-diploma,psychology,subject
ib,ib-pyp-myp-and-diploma,social-and-cultural-anthropology,subject
ib,ib-pyp-myp-and-diploma,world-religions,subject
ib,ib-pyp-myp-and-diploma,biology,subject
ib,ib-pyp-myp-and-diploma,chemistry,subject
ib,ib-pyp-myp-and-diploma,computer-science,subject
ib,ib-pyp-myp-and-diploma,design-technology,subject
ib,ib-pyp-myp-and-diploma,environmental-systems-and-societies,subject
ib,ib-pyp-myp-and-diploma,physics,subject
ib,ib-pyp-myp-and-diploma,sports-exercise-and-health-science,subject
ib,ib-pyp-myp-and-diploma,mathematics-analysis-and-approaches,subject
ib,ib-pyp-myp-and-diploma,mathematics-applications-and-interpretation,subject
ib,ib-pyp-myp-and-diploma,dance,subject
ib,ib-pyp-myp-and-diploma,film,subject
ib,ib-pyp-myp-and-diploma,music,subject
ib,ib-pyp-myp-and-diploma,theatre,subject
ib,ib-pyp-myp-and-diploma,visual-arts,subject
ib,ib-pyp-myp-and-diploma,theory-of-knowledge,subject
ib,ib-pyp-myp-and-diploma,extended-essay,subject
ib,ib-pyp-myp-and-diploma,creativity-activity-service,subject
